Workbook

Sheet Summary
A1: Odometer Photo Audit
A2: Source file: APISCLAIMReport-1792688442-1ea3879.csv | Run: 23-Oct-2026 07:33 | App version 1.0.0
A3: A photo is compliant only if a date/time AND a location (address or lat/long) are printed on it. Results were read automatically from the photos (offline); check marked photos in Photo Review column V before sending.
A5: Photos
A6: Odometer photos in file | B6: =COUNTA('Photo Review'!A2:A403)
A7: Timestamp + Location | B7: =COUNTIF('Photo Review'!W2:W403,"Timestamp + Location")
A8: Timestamp only (no location) | B8: =COUNTIF('Photo Review'!W2:W403,"Timestamp only (no location)")
A9: Location only (no timestamp) | B9: =COUNTIF('Photo Review'!W2:W403,"Location only (no timestamp)")
A10: No stamp | B10: =COUNTIF('Photo Review'!W2:W403,"No stamp")
A11: No stamp - gallery screenshot | B11: =COUNTIF('Photo Review'!W2:W403,"No stamp - gallery screenshot")
A12: Photo missing / not downloaded | B12: =COUNTIF('Photo Review'!W2:W403,"Photo missing / not downloaded")
A13: Photos NOT compliant | B13: =COUNTIF('Photo Review'!X2:X403,"No")
A14: Photos with a red flag | B14: =COUNTIF('Photo Review'!S2:S403,"?*")
A16: Claims
A17: Odometer claims | B17: =COUNTA('Claim Review'!A2:A202)
A18: Compliant claims | B18: =COUNTIF('Claim Review'!M2:M202,"Compliant")
A19: NON-COMPLIANT claims | B19: =COUNTIF('Claim Review'!M2:M202,"NON-COMPLIANT")
A20: Amount on non-compliant claims (₹) | B20: =SUMIF('Claim Review'!M2:M202,"NON-COMPLIANT",'Claim Review'!J2:J202)
A21: Total odometer claim amount (₹) | B21: =SUM('Claim Review'!J2:J202)
A23: Employees
A24: Employees | B24: =COUNTA('Employee Summary'!A2:A80)
A25: No stamp on any photo | B25: =COUNTIF('Employee Summary'!O2:O80,"No stamp on any photo")
A26: Some photos without stamp | B26: =COUNTIF('Employee Summary'!O2:O80,"Some photos without stamp")
A27: Compliant | B27: =COUNTIF('Employee Summary'!O2:O80,"Compliant")
A28: Employees with at least one non-compliant photo | B28: =B25+B26
A29: Employees with a High red flag | B29: =COUNTIF('Employee Summary'!N2:N80,">0")
A31: Red flags (see Red Flags sheet)
A32: High priority findings | B32: =COUNTIF('Red Flags'!A2:A39,"High")
A33: Medium priority findings | B33: =COUNTIF('Red Flags'!A2:A39,"Medium")
A34: Low priority findings | B34: =COUNTIF('Red Flags'!A2:A39,"Low")
A36: HR verification before sending
A37: Photos marked for HR check (Photo Review column U) | B37: =COUNTIF('Photo Review'!U2:U403,"?*")
A38: Checked so far | B38: =COUNTIFS('Photo Review'!U2:U403,"?*",'Photo Review'!V2:V403,"?*")
A39: Still to check | B39: =B37-B38
A40: Results found WRONG by HR | B40: =COUNTIF('Photo Review'!V2:V403,"Wrong*")
A41: Random-sample results found wrong | B41: =COUNTIFS('Photo Review'!U2:U403,"3*",'Photo Review'!V2:V403,"Wrong*")
A43: Run details
A44: Claim rows with odometer photos | B44: 201
A45: Photo links | B45: 402
A46: Photos downloaded / read | B46: 402
A47: Photos that failed to download | B47: 0
A48: Run time (minutes) | B48: 0.1
A49: Full-size photos folder | B49: /home/claude/x/e2e_out/APISCLAIMReport-1792688442-1ea3879_photos

Sheet Employee Summary
A1: Employee_code | B1: User_Name | C1: Designation | D1: Zone | E1: HQ | F1: L1 Approver | G1: Odometer Claims | H1: Photos | I1: Photos with Timestamp + Location | J1: Photos NOT Compliant | K1: Non-Compliant Claims | L1: Amount on Non-Compliant Claims (₹) | M1: Total Odometer Claim Amount (₹) | N1: High Red Flags | O1: Employee Status | P1: Red Flags (photos)
A2: SL04418 | B2: P SHIVA PRASAD YADAV | C2: SR | D2: GTR07 | E2: Sri Kalahasti | F2: VINOD KANDAPPAGARI | G2: =COUNTIF('Claim Review'!$B$2:$B$202,A2) | H2: =COUNTIF('Photo Review'!$B$2:$B$403,A2) | I2: =COUNTIFS('Photo Review'!$B$2:$B$403,A2,'Photo Review'!$X$2:$X$403,"Yes") | J2: =H2-I2 | K2: =COUNTIFS('Claim Review'!$B$2:$B$202,A2,'Claim Review'!$M$2:$M$202,"NON-COMPLIANT") | L2: =SUMIFS('Claim Review'!$J$2:$J$202,'Claim Review'!$B$2:$B$202,A2,'Claim Review'!$M$2:$M$202,"NON-COMPLIANT") | M2: =SUMIFS('Claim Review'!$J$2:$J$202,'Claim Review'!$B$2:$B$202,A2) | N2: =COUNTIFS('Photo Review'!$B$2:$B$403,A2,'Photo Review'!$T$2:$T$403,"High") | O2: =IF(I2=0,"No stamp on any photo",IF(J2>0,"Some photos without stamp","Compliant")) | P2: Possible AI-edited photo (2)
A3: SL02480 | B3: B Venkataiah | C3: KAE | D3: South | E3: Hyderabad | F3: K.Purushotham | G3: =COUNTIF('Claim Review'!$B$2:$B$202,A3) | H3: =COUNTIF('Photo Review'!$B$2:$B$403,A3) | I3: =COUNTIFS('Photo Review'!$B$2:$B$403,A3,'Photo Review'!$X$2:$X$403,"Yes") | J3: =H3-I3 | K3: =COUNTIFS('Claim Review'!$B$2:$B$202,A3,'Claim Review'!$M$2:$M$202,"NON-COMPLIANT") | L3: =SUMIFS('Claim Review'!$J$2:$J$202,'Claim Review'!$B$2:$B$202,A3,'Claim Review'!$M$2:$M$202,"NON-COMPLIANT") | M3: =SUMIFS('Claim Review'!$J$2:$J$202,'Claim Review'!$B$2:$B$202,A3) | N3: =COUNTIFS('Photo Review'!$B$2:$B$403,A3,'Photo Review'!$T$2:$T$403,"High") | O3: =IF(I3=0,"No stamp on any photo",IF(J3>0,"Some photos without stamp","Compliant")) | P3: Reused photo (2)
A4: SL03702 | B4: MASTR ANSARI VASIMAEHNAD | C4: SR | D4: GTR06 B | E4: VADODARA | F4: DEEPAK TUKARAM DESHMUKH | G4: =COUNTIF('Claim Review'!$B$2:$B$202,A4) | H4: =COUNTIF('Photo Review'!$B$2:$B$403,A4) | I4: =COUNTIFS('Photo Review'!$B$2:$B$403,A4,'Photo Review'!$X$2:$X$403,"Yes") | J4: =H4-I4 | K4: =COUNTIFS('Claim Review'!$B$2:$B$202,A4,'Claim Review'!$M$2:$M$202,"NON-COMPLIANT") | L4: =SUMIFS('Claim Review'!$J$2:$J$202,'Claim Review'!$B$2:$B$202,A4,'Claim Review'!$M$2:$M$202,"NON-COMPLIANT") | M4: =SUMIFS('Claim Review'!$J$2:$J$202,'Claim Review'!$B$2:$B$202,A4) | N4: =COUNTIFS('Photo Review'!$B$2:$B$403,A4,'Photo Review'!$T$2:$T$403,"High") | O4: =IF(I4=0,"No stamp on any photo",IF(J4>0,"Some photos without stamp","Compliant")) | P4: Reused photo (4)
A5: SL04125 | B5: ARVIND KUMAR DUBEY | C5: ASE | D5: GTR02 | E5: NORTH AND EAST DELHI | F5: RAHUL GAUTAM | G5: =COUNTIF('Claim Review'!$B$2:$B$202,A5) | H5: =COUNTIF('Photo Review'!$B$2:$B$403,A5) | I5: =COUNTIFS('Photo Review'!$B$2:$B$403,A5,'Photo Review'!$X$2:$X$403,"Yes") | J5: =H5-I5 | K5: =COUNTIFS('Claim Review'!$B$2:$B$202,A5,'Claim Review'!$M$2:$M$202,"NON-COMPLIANT") | L5: =SUMIFS('Claim Review'!$J$2:$J$202,'Claim Review'!$B$2:$B$202,A5,'Claim Review'!$M$2:$M$202,"NON-COMPLIANT") | M5: =SUMIFS('Claim Review'!$J$2:$J$202,'Claim Review'!$B$2:$B$202,A5) | N5: =COUNTIFS('Photo Review'!$B$2:$B$403,A5,'Photo Review'!$T$2:$T$403,"High") | O5: =IF(I5=0,"No stamp on any photo",IF(J5>0,"Some photos without stamp","Compliant")) | P5: Reused photo (4)
A6: SL04134 | B6: Babu Madhanagiriyappa | C6: SO | D6: GTR08 | E6: Bangalore | F6: P VIJAY KUMAR | G6: =COUNTIF('Claim Review'!$B$2:$B$202,A6) | H6: =COUNTIF('Photo Review'!$B$2:$B$403,A6) | I6: =COUNTIFS('Photo Review'!$B$2:$B$403,A6,'Photo Review'!$X$2:$X$403,"Yes") | J6: =H6-I6 | K6: =COUNTIFS('Claim Review'!$B$2:$B$202,A6,'Claim Review'!$M$2:$M$202,"NON-COMPLIANT") | L6: =SUMIFS('Claim Review'!$J$2:$J$202,'Claim Review'!$B$2:$B$202,A6,'Claim Review'!$M$2:$M$202,"NON-COMPLIANT") | M6: =SUMIFS('Claim Review'!$J$2:$J$202,'Claim Review'!$B$2:$B$202,A6) | N6: =COUNTIFS('Photo Review'!$B$2:$B$403,A6,'Photo Review'!$T$2:$T$403,"High") | O6: =IF(I6=0,"No stamp on any photo",IF(J6>0,"Some photos without stamp","Compliant")) | P6: Reused photo (2)
A7: SL04205 | B7: VINOD KUMAR | C7: SR | D7: North | E7: Delhi | F7: Gouri Shankar | G7: =COUNTIF('Claim Review'!$B$2:$B$202,A7) | H7: =COUNTIF('Photo Review'!$B$2:$B$403,A7) | I7: =COUNTIFS('Photo Review'!$B$2:$B$403,A7,'Photo Review'!$X$2:$X$403,"Yes") | J7: =H7-I7 | K7: =COUNTIFS('Claim Review'!$B$2:$B$202,A7,'Claim Review'!$M$2:$M$202,"NON-COMPLIANT") | L7: =SUMIFS('Claim Review'!$J$2:$J$202,'Claim Review'!$B$2:$B$202,A7,'Claim Review'!$M$2:$M$202,"NON-COMPLIANT") | M7: =SUMIFS('Claim Review'!$J$2:$J$202,'Claim Review'!$B$2:$B$202,A7) | N7: =COUNTIFS('Photo Review'!$B$2:$B$403,A7,'Photo Review'!$T$2:$T$403,"High") | O7: =IF(I7=0,"No stamp on any photo",IF(J7>0,"Some photos without stamp","Compliant")) | P7: Reused photo (10)
A8: SL04356 | B8: HARIOM DUBEY | C8: SO | D8: GTR02 | E8: New Delhi | F8: RAHUL GAUTAM | G8: =COUNTIF('Claim Review'!$B$2:$B$202,A8) | H8: =COUNTIF('Photo Review'!$B$2:$B$403,A8) | I8: =COUNTIFS('Photo Review'!$B$2:$B$403,A8,'Photo Review'!$X$2:$X$403,"Yes") | J8: =H8-I8 | K8: =COUNTIFS('Claim Review'!$B$2:$B$202,A8,'Claim Review'!$M$2:$M$202,"NON-COMPLIANT") | L8: =SUMIFS('Claim Review'!$J$2:$J$202,'Claim Review'!$B$2:$B$202,A8,'Claim Review'!$M$2:$M$202,"NON-COMPLIANT") | M8: =SUMIFS('Claim Review'!$J$2:$J$202,'Claim Review'!$B$2:$B$202,A8) | N8: =COUNTIFS('Photo Review'!$B$2:$B$403,A8,'Photo Review'!$T$2:$T$403,"High") | O8: =IF(I8=0,"No stamp on any photo",IF(J8>0,"Some photos without stamp","Compliant")) | P8: Reused photo (4)
A9: SL04426 | B9: P VIJAY KUMAR | C9: TSM | D9: GTR08 | E9: Bangalore | F9: REVANASIDDAPPA | G9: =COUNTIF('Claim Review'!$B$2:$B$202,A9) | H9: =COUNTIF('Photo Review'!$B$2:$B$403,A9) | I9: =COUNTIFS('Photo Review'!$B$2:$B$403,A9,'Photo Review'!$X$2:$X$403,"Yes") | J9: =H9-I9 | K9: =COUNTIFS('Claim Review'!$B$2:$B$202,A9,'Claim Review'!$M$2:$M$202,"NON-COMPLIANT") | L9: =SUMIFS('Claim Review'!$J$2:$J$202,'Claim Review'!$B$2:$B$202,A9,'Claim Review'!$M$2:$M$202,"NON-COMPLIANT") | M9: =SUMIFS('Claim Review'!$J$2:$J$202,'Claim Review'!$B$2:$B$202,A9) | N9: =COUNTIFS('Photo Review'!$B$2:$B$403,A9,'Photo Review'!$T$2:$T$403,"High") | O9: =IF(I9=0,"No stamp on any photo",IF(J9>0,"Some photos without stamp","Compliant")) | P9: Odometer END below START (1)
A10: SL04429 | B10: KISHAN KUMAR | C10: SO | D10: GTR02 | E10: West Delhi | F10: RAHUL GAUTAM | G10: =COUNTIF('Claim Review'!$B$2:$B$202,A10) | H10: =COUNTIF('Photo Review'!$B$2:$B$403,A10) | I10: =COUNTIFS('Photo Review'!$B$2:$B$403,A10,'Photo Review'!$X$2:$X$403,"Yes") | J10: =H10-I10 | K10: =COUNTIFS('Claim Review'!$B$2:$B$202,A10,'Claim Review'!$M$2:$M$202,"NON-COMPLIANT") | L10: =SUMIFS('Claim Review'!$J$2:$J$202,'Claim Review'!$B$2:$B$202,A10,'Claim Review'!$M$2:$M$202,"NON-COMPLIANT") | M10: =SUMIFS('Claim Review'!$J$2:$J$202,'Claim Review'!$B$2:$B$202,A10) | N10: =COUNTIFS('Photo Review'!$B$2:$B$403,A10,'Photo Review'!$T$2:$T$403,"High") | O10: =IF(I10=0,"No stamp on any photo",IF(J10>0,"Some photos without stamp","Compliant")) | P10: Reused photo (2)
A11: SL04461 | B11: KAFIL AHMAD KHAN | C11: SO | D11: GTR03 B | E11: Shahjahanpur | F11: SAURABH JAISWAL | G11: =COUNTIF('Claim Review'!$B$2:$B$202,A11) | H11: =COUNTIF('Photo Review'!$B$2:$B$403,A11) | I11: =COUNTIFS('Photo Review'!$B$2:$B$403,A11,'Photo Review'!$X$2:$X$403,"Yes") | J11: =H11-I11 | K11: =COUNTIFS('Claim Review'!$B$2:$B$202,A11,'Claim Review'!$M$2:$M$202,"NON-COMPLIANT") | L11: =SUMIFS('Claim Review'!$J$2:$J$202,'Claim Review'!$B$2:$B$202,A11,'Claim Review'!$M$2:$M$202,"NON-COMPLIANT") | M11: =SUMIFS('Claim Review'!$J$2:$J$202,'Claim Review'!$B$2:$B$202,A11) | N11: =COUNTIFS('Photo Review'!$B$2:$B$403,A11,'Photo Review'!$T$2:$T$403,"High") | O11: =IF(I11=0,"No stamp on any photo",IF(J11>0,"Some photos without stamp","Compliant")) | P11: Reused photo (4)
A12: SL04547 | B12: BALRAM VERMA | C12: SO | D12: GTR02 | E12: East Delhi | F12: RAHUL GAUTAM | G12: =COUNTIF('Claim Review'!$B$2:$B$202,A12) | H12: =COUNTIF('Photo Review'!$B$2:$B$403,A12) | I12: =COUNTIFS('Photo Review'!$B$2:$B$403,A12,'Photo Review'!$X$2:$X$403,"Yes") | J12: =H12-I12 | K12: =COUNTIFS('Claim Review'!$B$2:$B$202,A12,'Claim Review'!$M$2:$M$202,"NON-COMPLIANT") | L12: =SUMIFS('Claim Review'!$J$2:$J$202,'Claim Review'!$B$2:$B$202,A12,'Claim Review'!$M$2:$M$202,"NON-COMPLIANT") | M12: =SUMIFS('Claim Review'!$J$2:$J$202,'Claim Review'!$B$2:$B$202,A12) | N12: =COUNTIFS('Photo Review'!$B$2:$B$403,A12,'Photo Review'!$T$2:$T$403,"High") | O12: =IF(I12=0,"No stamp on any photo",IF(J12>0,"Some photos without stamp","Compliant")) | P12: Reused photo (6)
A13: SL04576 | B13: G SUGIRTHA RAJA | C13: SO | D13: GTR09 | E13: Salem | F13: Saravanan N | G13: =COUNTIF('Claim Review'!$B$2:$B$202,A13) | H13: =COUNTIF('Photo Review'!$B$2:$B$403,A13) | I13: =COUNTIFS('Photo Review'!$B$2:$B$403,A13,'Photo Review'!$X$2:$X$403,"Yes") | J13: =H13-I13 | K13: =COUNTIFS('Claim Review'!$B$2:$B$202,A13,'Claim Review'!$M$2:$M$202,"NON-COMPLIANT") | L13: =SUMIFS('Claim Review'!$J$2:$J$202,'Claim Review'!$B$2:$B$202,A13,'Claim Review'!$M$2:$M$202,"NON-COMPLIANT") | M13: =SUMIFS('Claim Review'!$J$2:$J$202,'Claim Review'!$B$2:$B$202,A13) | N13: =COUNTIFS('Photo Review'!$B$2:$B$403,A13,'Photo Review'!$T$2:$T$403,"High") | O13: =IF(I13=0,"No stamp on any photo",IF(J13>0,"Some photos without stamp","Compliant")) | P13: Reused photo (2)
A14: SL04446 | B14: GANDROTHULA SUBBA RAO | C14: SR | D14: GTR07 | E14: RAJMUNDRY | F14: Yellapu Nageswara Rao | G14: =COUNTIF('Claim Review'!$B$2:$B$202,A14) | H14: =COUNTIF('Photo Review'!$B$2:$B$403,A14) | I14: =COUNTIFS('Photo Review'!$B$2:$B$403,A14,'Photo Review'!$X$2:$X$403,"Yes") | J14: =H14-I14 | K14: =COUNTIFS('Claim Review'!$B$2:$B$202,A14,'Claim Review'!$M$2:$M$202,"NON-COMPLIANT") | L14: =SUMIFS('Claim Review'!$J$2:$J$202,'Claim Review'!$B$2:$B$202,A14,'Claim Review'!$M$2:$M$202,"NON-COMPLIANT") | M14: =SUMIFS('Claim Review'!$J$2:$J$202,'Claim Review'!$B$2:$B$202,A14) | N14: =COUNTIFS('Photo Review'!$B$2:$B$403,A14,'Photo Review'!$T$2:$T$403,"High") | O14: =IF(I14=0,"No stamp on any photo",IF(J14>0,"Some photos without stamp","Compliant")) | P14: Screenshot instead of photo (2)
A15: SL01707 | B15: PANKAJ KUMAR PANDEY | C15: SO | D15: GTR03 A | E15: FAIZABAD | F15: PRADEEP KUMAR | G15: =COUNTIF('Claim Review'!$B$2:$B$202,A15) | H15: =COUNTIF('Photo Review'!$B$2:$B$403,A15) | I15: =COUNTIFS('Photo Review'!$B$2:$B$403,A15,'Photo Review'!$X$2:$X$403,"Yes") | J15: =H15-I15 | K15: =COUNTIFS('Claim Review'!$B$2:$B$202,A15,'Claim Review'!$M$2:$M$202,"NON-COMPLIANT") | L15: =SUMIFS('Claim Review'!$J$2:$J$202,'Claim Review'!$B$2:$B$202,A15,'Claim Review'!$M$2:$M$202,"NON-COMPLIANT") | M15: =SUMIFS('Claim Review'!$J$2:$J$202,'Claim Review'!$B$2:$B$202,A15) | N15: =COUNTIFS('Photo Review'!$B$2:$B$403,A15,'Photo Review'!$T$2:$T$403,"High") | O15: =IF(I15=0,"No stamp on any photo",IF(J15>0,"Some photos without stamp","Compliant"))
A16: SL02068 | B16: ZEVER FARNONDES | C16: SO | D16: GTR08 | E16: PANJIM | F16: MANOHAR KUMAR JHA | G16: =COUNTIF('Claim Review'!$B$2:$B$202,A16) | H16: =COUNTIF('Photo Review'!$B$2:$B$403,A16) | I16: =COUNTIFS('Photo Review'!$B$2:$B$403,A16,'Photo Review'!$X$2:$X$403,"Yes") | J16: =H16-I16 | K16: =COUNTIFS('Claim Review'!$B$2:$B$202,A16,'Claim Review'!$M$2:$M$202,"NON-COMPLIANT") | L16: =SUMIFS('Claim Review'!$J$2:$J$202,'Claim Review'!$B$2:$B$202,A16,'Claim Review'!$M$2:$M$202,"NON-COMPLIANT") | M16: =SUMIFS('Claim Review'!$J$2:$J$202,'Claim Review'!$B$2:$B$202,A16) | N16: =COUNTIFS('Photo Review'!$B$2:$B$403,A16,'Photo Review'!$T$2:$T$403,"High") | O16: =IF(I16=0,"No stamp on any photo",IF(J16>0,"Some photos without stamp","Compliant"))
A17: SL02611 | B17: Mahesh Kumar Gujjari | C17: SO | D17: South | E17: HYDERABAD | F17: K.Purushotham | G17: =COUNTIF('Claim Review'!$B$2:$B$202,A17) | H17: =COUNTIF('Photo Review'!$B$2:$B$403,A17) | I17: =COUNTIFS('Photo Review'!$B$2:$B$403,A17,'Photo Review'!$X$2:$X$403,"Yes") | J17: =H17-I17 | K17: =COUNTIFS('Claim Review'!$B$2:$B$202,A17,'Claim Review'!$M$2:$M$202,"NON-COMPLIANT") | L17: =SUMIFS('Claim Review'!$J$2:$J$202,'Claim Review'!$B$2:$B$202,A17,'Claim Review'!$M$2:$M$202,"NON-COMPLIANT") | M17: =SUMIFS('Claim Review'!$J$2:$J$202,'Claim Review'!$B$2:$B$202,A17) | N17: =COUNTIFS('Photo Review'!$B$2:$B$403,A17,'Photo Review'!$T$2:$T$403,"High") | O17: =IF(I17=0,"No stamp on any photo",IF(J17>0,"Some photos without stamp","Compliant"))
A18: SL02671 | B18: IBRAR ALAM | C18: SR | D18: GTR02 | E18: EAST DELHI | F18: RAHUL GAUTAM | G18: =COUNTIF('Claim Review'!$B$2:$B$202,A18) | H18: =COUNTIF('Photo Review'!$B$2:$B$403,A18) | I18: =COUNTIFS('Photo Review'!$B$2:$B$403,A18,'Photo Review'!$X$2:$X$403,"Yes") | J18: =H18-I18 | K18: =COUNTIFS('Claim Review'!$B$2:$B$202,A18,'Claim Review'!$M$2:$M$202,"NON-COMPLIANT") | L18: =SUMIFS('Claim Review'!$J$2:$J$202,'Claim Review'!$B$2:$B$202,A18,'Claim Review'!$M$2:$M$202,"NON-COMPLIANT") | M18: =SUMIFS('Claim Review'!$J$2:$J$202,'Claim Review'!$B$2:$B$202,A18) | N18: =COUNTIFS('Photo Review'!$B$2:$B$403,A18,'Photo Review'!$T$2:$T$403,"High") | O18: =IF(I18=0,"No stamp on any photo",IF(J18>0,"Some photos without stamp","Compliant"))
A19: SL02930 | B19: A. SURESH GOUD | C19: SR | D19: GTR07 | E19: Jadcherla | F19: B BHASKAR | G19: =COUNTIF('Claim Review'!$B$2:$B$202,A19) | H19: =COUNTIF('Photo Review'!$B$2:$B$403,A19) | I19: =COUNTIFS('Photo Review'!$B$2:$B$403,A19,'Photo Review'!$X$2:$X$403,"Yes") | J19: =H19-I19 | K19: =COUNTIFS('Claim Review'!$B$2:$B$202,A19,'Claim Review'!$M$2:$M$202,"NON-COMPLIANT") | L19: =SUMIFS('Claim Review'!$J$2:$J$202,'Claim Review'!$B$2:$B$202,A19,'Claim Review'!$M$2:$M$202,"NON-COMPLIANT") | M19: =SUMIFS('Claim Review'!$J$2:$J$202,'Claim Review'!$B$2:$B$202,A19) | N19: =COUNTIFS('Photo Review'!$B$2:$B$403,A19,'Photo Review'!$T$2:$T$403,"High") | O19: =IF(I19=0,"No stamp on any photo",IF(J19>0,"Some photos without stamp","Compliant"))
A20: SL03708 | B20: ARUMANI M | C20: SO | D20: GTR09 | E20: CHENNAI | F20: Saravanan N | G20: =COUNTIF('Claim Review'!$B$2:$B$202,A20) | H20: =COUNTIF('Photo Review'!$B$2:$B$403,A20) | I20: =COUNTIFS('Photo Review'!$B$2:$B$403,A20,'Photo Review'!$X$2:$X$403,"Yes") | J20: =H20-I20 | K20: =COUNTIFS('Claim Review'!$B$2:$B$202,A20,'Claim Review'!$M$2:$M$202,"NON-COMPLIANT") | L20: =SUMIFS('Claim Review'!$J$2:$J$202,'Claim Review'!$B$2:$B$202,A20,'Claim Review'!$M$2:$M$202,"NON-COMPLIANT") | M20: =SUMIFS('Claim Review'!$J$2:$J$202,'Claim Review'!$B$2:$B$202,A20) | N20: =COUNTIFS('Photo Review'!$B$2:$B$403,A20,'Photo Review'!$T$2:$T$403,"High") | O20: =IF(I20=0,"No stamp on any photo",IF(J20>0,"Some photos without stamp","Compliant"))
A21: SL03991 | B21: BHATTARU SETTI RAMESH | C21: SO | D21: GTR07 | E21: HYDERABAD | F21: SHIVAKANTH SAPA | G21: =COUNTIF('Claim Review'!$B$2:$B$202,A21) | H21: =COUNTIF('Photo Review'!$B$2:$B$403,A21) | I21: =COUNTIFS('Photo Review'!$B$2:$B$403,A21,'Photo Review'!$X$2:$X$403,"Yes") | J21: =H21-I21 | K21: =COUNTIFS('Claim Review'!$B$2:$B$202,A21,'Claim Review'!$M$2:$M$202,"NON-COMPLIANT") | L21: =SUMIFS('Claim Review'!$J$2:$J$202,'Claim Review'!$B$2:$B$202,A21,'Claim Review'!$M$2:$M$202,"NON-COMPLIANT") | M21: =SUMIFS('Claim Review'!$J$2:$J$202,'Claim Review'!$B$2:$B$202,A21) | N21: =COUNTIFS('Photo Review'!$B$2:$B$403,A21,'Photo Review'!$T$2:$T$403,"High") | O21: =IF(I21=0,"No stamp on any photo",IF(J21>0,"Some photos without stamp","Compliant"))
A22: SL04109 | B22: Medudula Santhosh Kumar | C22: SO | D22: GTR07 | E22: Hyderabad | F22: SHIVAKANTH SAPA | G22: =COUNTIF('Claim Review'!$B$2:$B$202,A22) | H22: =COUNTIF('Photo Review'!$B$2:$B$403,A22) | I22: =COUNTIFS('Photo Review'!$B$2:$B$403,A22,'Photo Review'!$X$2:$X$403,"Yes") | J22: =H22-I22 | K22: =COUNTIFS('Claim Review'!$B$2:$B$202,A22,'Claim Review'!$M$2:$M$202,"NON-COMPLIANT") | L22: =SUMIFS('Claim Review'!$J$2:$J$202,'Claim Review'!$B$2:$B$202,A22,'Claim Review'!$M$2:$M$202,"NON-COMPLIANT") | M22: =SUMIFS('Claim Review'!$J$2:$J$202,'Claim Review'!$B$2:$B$202,A22) | N22: =COUNTIFS('Photo Review'!$B$2:$B$403,A22,'Photo Review'!$T$2:$T$403,"High") | O22: =IF(I22=0,"No stamp on any photo",IF(J22>0,"Some photos without stamp","Compliant"))
A23: SL04130 | B23: RAJESH KUMAR SHARMA | C23: SO | D23: GTR01 | E23: Bilaspur | F23: MOHINDER SHARMA | G23: =COUNTIF('Claim Review'!$B$2:$B$202,A23) | H23: =COUNTIF('Photo Review'!$B$2:$B$403,A23) | I23: =COUNTIFS('Photo Review'!$B$2:$B$403,A23,'Photo Review'!$X$2:$X$403,"Yes") | J23: =H23-I23 | K23: =COUNTIFS('Claim Review'!$B$2:$B$202,A23,'Claim Review'!$M$2:$M$202,"NON-COMPLIANT") | L23: =SUMIFS('Claim Review'!$J$2:$J$202,'Claim Review'!$B$2:$B$202,A23,'Claim Review'!$M$2:$M$202,"NON-COMPLIANT") | M23: =SUMIFS('Claim Review'!$J$2:$J$202,'Claim Review'!$B$2:$B$202,A23) | N23: =COUNTIFS('Photo Review'!$B$2:$B$403,A23,'Photo Review'!$T$2:$T$403,"High") | O23: =IF(I23=0,"No stamp on any photo",IF(J23>0,"Some photos without stamp","Compliant"))
A24: SL04150 | B24: SUBHASH GANESH MANDVE | C24: SO | D24: West | E24: NAGPUR | F24: POKHRAJ KUMAR SAHU | G24: =COUNTIF('Claim Review'!$B$2:$B$202,A24) | H24: =COUNTIF('Photo Review'!$B$2:$B$403,A24) | I24: =COUNTIFS('Photo Review'!$B$2:$B$403,A24,'Photo Review'!$X$2:$X$403,"Yes") | J24: =H24-I24 | K24: =COUNTIFS('Claim Review'!$B$2:$B$202,A24,'Claim Review'!$M$2:$M$202,"NON-COMPLIANT") | L24: =SUMIFS('Claim Review'!$J$2:$J$202,'Claim Review'!$B$2:$B$202,A24,'Claim Review'!$M$2:$M$202,"NON-COMPLIANT") | M24: =SUMIFS('Claim Review'!$J$2:$J$202,'Claim Review'!$B$2:$B$202,A24) | N24: =COUNTIFS('Photo Review'!$B$2:$B$403,A24,'Photo Review'!$T$2:$T$403,"High") | O24: =IF(I24=0,"No stamp on any photo",IF(J24>0,"Some photos without stamp","Compliant"))
A25: SL04184 | B25: PANGAJAM U | C25: SR | D25: South | E25: Coimbatore | F25: SURENDRAN R | G25: =COUNTIF('Claim Review'!$B$2:$B$202,A25) | H25: =COUNTIF('Photo Review'!$B$2:$B$403,A25) | I25: =COUNTIFS('Photo Review'!$B$2:$B$403,A25,'Photo Review'!$X$2:$X$403,"Yes") | J25: =H25-I25 | K25: =COUNTIFS('Claim Review'!$B$2:$B$202,A25,'Claim Review'!$M$2:$M$202,"NON-COMPLIANT") | L25: =SUMIFS('Claim Review'!$J$2:$J$202,'Claim Review'!$B$2:$B$202,A25,'Claim Review'!$M$2:$M$202,"NON-COMPLIANT") | M25: =SUMIFS('Claim Review'!$J$2:$J$202,'Claim Review'!$B$2:$B$202,A25) | N25: =COUNTIFS('Photo Review'!$B$2:$B$403,A25,'Photo Review'!$T$2:$T$403,"High") | O25: =IF(I25=0,"No stamp on any photo",IF(J25>0,"Some photos without stamp","Compliant"))
A26: SL04206 | B26: BHARATKUMAR BHOGILAL SUTHAR | C26: ASE | D26: GTR06 B | E26: Ahmedabad | F26: DEEPAK TUKARAM DESHMUKH | G26: =COUNTIF('Claim Review'!$B$2:$B$202,A26) | H26: =COUNTIF('Photo Review'!$B$2:$B$403,A26) | I26: =COUNTIFS('Photo Review'!$B$2:$B$403,A26,'Photo Review'!$X$2:$X$403,"Yes") | J26: =H26-I26 | K26: =COUNTIFS('Claim Review'!$B$2:$B$202,A26,'Claim Review'!$M$2:$M$202,"NON-COMPLIANT") | L26: =SUMIFS('Claim Review'!$J$2:$J$202,'Claim Review'!$B$2:$B$202,A26,'Claim Review'!$M$2:$M$202,"NON-COMPLIANT") | M26: =SUMIFS('Claim Review'!$J$2:$J$202,'Claim Review'!$B$2:$B$202,A26) | N26: =COUNTIFS('Photo Review'!$B$2:$B$403,A26,'Photo Review'!$T$2:$T$403,"High") | O26: =IF(I26=0,"No stamp on any photo",IF(J26>0,"Some photos without stamp","Compliant"))
... A44: SL04578 | B44: MUKESH CHANDERA JOSHI | C44: SO | D44: GTR03 B | E44: Srinagar | F44: SUNEEL KUMAR | G44: =COUNTIF('Claim Review'!$B$2:$B$202,A44) | H44: =COUNTIF('Photo Review'!$B$2:$B$403,A44) | I44: =COUNTIFS('Photo Review'!$B$2:$B$403,A44,'Photo Review'!$X$2:$X$403,"Yes") | J44: =H44-I44 | K44: =COUNTIFS('Claim Review'!$B$2:$B$202,A44,'Claim Review'!$M$2:$M$202,"NON-COMPLIANT") | L44: =SUMIFS('Claim Review'!$J$2:$J$202,'Claim Review'!$B$2:$B$202,A44,'Claim Review'!$M$2:$M$202,"NON-COMPLIANT") | M44: =SUMIFS('Claim Review'!$J$2:$J$202,'Claim Review'!$B$2:$B$202,A44) | N44: =COUNTIFS('Photo Review'!$B$2:$B$403,A44,'Photo Review'!$T$2:$T$403,"High") | O44: =IF(I44=0,"No stamp on any photo",IF(J44>0,"Some photos without stamp","Compliant"))
A45: SL04617 | B45: ASIF SAMEJA | C45: SR | D45: GTR02 | E45: BIKANER | G45: =COUNTIF('Claim Review'!$B$2:$B$202,A45) | H45: =COUNTIF('Photo Review'!$B$2:$B$403,A45) | I45: =COUNTIFS('Photo Review'!$B$2:$B$403,A45,'Photo Review'!$X$2:$X$403,"Yes") | J45: =H45-I45 | K45: =COUNTIFS('Claim Review'!$B$2:$B$202,A45,'Claim Review'!$M$2:$M$202,"NON-COMPLIANT") | L45: =SUMIFS('Claim Review'!$J$2:$J$202,'Claim Review'!$B$2:$B$202,A45,'Claim Review'!$M$2:$M$202,"NON-COMPLIANT") | M45: =SUMIFS('Claim Review'!$J$2:$J$202,'Claim Review'!$B$2:$B$202,A45) | N45: =COUNTIFS('Photo Review'!$B$2:$B$403,A45,'Photo Review'!$T$2:$T$403,"High") | O45: =IF(I45=0,"No stamp on any photo",IF(J45>0,"Some photos without stamp","Compliant"))
A46: SL00170 | B46: MUJAHID . | C46: SSO | D46: GTR02 | E46: GURUGRAM | F46: PUNEET WADHWA | G46: =COUNTIF('Claim Review'!$B$2:$B$202,A46) | H46: =COUNTIF('Photo Review'!$B$2:$B$403,A46) | I46: =COUNTIFS('Photo Review'!$B$2:$B$403,A46,'Photo Review'!$X$2:$X$403,"Yes") | J46: =H46-I46 | K46: =COUNTIFS('Claim Review'!$B$2:$B$202,A46,'Claim Review'!$M$2:$M$202,"NON-COMPLIANT") | L46: =SUMIFS('Claim Review'!$J$2:$J$202,'Claim Review'!$B$2:$B$202,A46,'Claim Review'!$M$2:$M$202,"NON-COMPLIANT") | M46: =SUMIFS('Claim Review'!$J$2:$J$202,'Claim Review'!$B$2:$B$202,A46) | N46: =COUNTIFS('Photo Review'!$B$2:$B$403,A46,'Photo Review'!$T$2:$T$403,"High") | O46: =IF(I46=0,"No stamp on any photo",IF(J46>0,"Some photos without stamp","Compliant")) | P46: Reused photo (4) | Photo dated after the claim date (2) | Photo dated after claim was submitted (2) | END photo taken before START (2)
A47: SL02286 | B47: AMIT KUMAR SINGH | C47: ASE | D47: GTR03 A | E47: Lucknow | F47: SAURABH JAISWAL | G47: =COUNTIF('Claim Review'!$B$2:$B$202,A47) | H47: =COUNTIF('Photo Review'!$B$2:$B$403,A47) | I47: =COUNTIFS('Photo Review'!$B$2:$B$403,A47,'Photo Review'!$X$2:$X$403,"Yes") | J47: =H47-I47 | K47: =COUNTIFS('Claim Review'!$B$2:$B$202,A47,'Claim Review'!$M$2:$M$202,"NON-COMPLIANT") | L47: =SUMIFS('Claim Review'!$J$2:$J$202,'Claim Review'!$B$2:$B$202,A47,'Claim Review'!$M$2:$M$202,"NON-COMPLIANT") | M47: =SUMIFS('Claim Review'!$J$2:$J$202,'Claim Review'!$B$2:$B$202,A47) | N47: =COUNTIFS('Photo Review'!$B$2:$B$403,A47,'Photo Review'!$T$2:$T$403,"High") | O47: =IF(I47=0,"No stamp on any photo",IF(J47>0,"Some photos without stamp","Compliant")) | P47: Reused photo (4) | Stamp date does not match claim (2) | Photo dated after the claim date (1)
A48: SL02826 | B48: KIRAN KUMAR NAYAK | C48: SR | D48: GTR08 | E48: BANGALORE | F48: GANGADHARAM K | G48: =COUNTIF('Claim Review'!$B$2:$B$202,A48) | H48: =COUNTIF('Photo Review'!$B$2:$B$403,A48) | I48: =COUNTIFS('Photo Review'!$B$2:$B$403,A48,'Photo Review'!$X$2:$X$403,"Yes") | J48: =H48-I48 | K48: =COUNTIFS('Claim Review'!$B$2:$B$202,A48,'Claim Review'!$M$2:$M$202,"NON-COMPLIANT") | L48: =SUMIFS('Claim Review'!$J$2:$J$202,'Claim Review'!$B$2:$B$202,A48,'Claim Review'!$M$2:$M$202,"NON-COMPLIANT") | M48: =SUMIFS('Claim Review'!$J$2:$J$202,'Claim Review'!$B$2:$B$202,A48) | N48: =COUNTIFS('Photo Review'!$B$2:$B$403,A48,'Photo Review'!$T$2:$T$403,"High") | O48: =IF(I48=0,"No stamp on any photo",IF(J48>0,"Some photos without stamp","Compliant")) | P48: Photo dated after the claim date (4) | Reused photo (2)
A49: SL03855 | B49: PRAVEEN SHARMA | C49: SR | D49: GTR02 | E49: JAIPUR | F49: VINAY SHARMA | G49: =COUNTIF('Claim Review'!$B$2:$B$202,A49) | H49: =COUNTIF('Photo Review'!$B$2:$B$403,A49) | I49: =COUNTIFS('Photo Review'!$B$2:$B$403,A49,'Photo Review'!$X$2:$X$403,"Yes") | J49: =H49-I49 | K49: =COUNTIFS('Claim Review'!$B$2:$B$202,A49,'Claim Review'!$M$2:$M$202,"NON-COMPLIANT") | L49: =SUMIFS('Claim Review'!$J$2:$J$202,'Claim Review'!$B$2:$B$202,A49,'Claim Review'!$M$2:$M$202,"NON-COMPLIANT") | M49: =SUMIFS('Claim Review'!$J$2:$J$202,'Claim Review'!$B$2:$B$202,A49) | N49: =COUNTIFS('Photo Review'!$B$2:$B$403,A49,'Photo Review'!$T$2:$T$403,"High") | O49: =IF(I49=0,"No stamp on any photo",IF(J49>0,"Some photos without stamp","Compliant")) | P49: Photo dated after the claim date (1) | Photo dated after claim was submitted (1)
A50: SL04004 | B50: PINKU KUMAR CHOUDHARI | C50: SR | D50: GTR04 B | E50: DEOGHAR | F50: AMIT KUMAR SINHA | G50: =COUNTIF('Claim Review'!$B$2:$B$202,A50) | H50: =COUNTIF('Photo Review'!$B$2:$B$403,A50) | I50: =COUNTIFS('Photo Review'!$B$2:$B$403,A50,'Photo Review'!$X$2:$X$403,"Yes") | J50: =H50-I50 | K50: =COUNTIFS('Claim Review'!$B$2:$B$202,A50,'Claim Review'!$M$2:$M$202,"NON-COMPLIANT") | L50: =SUMIFS('Claim Review'!$J$2:$J$202,'Claim Review'!$B$2:$B$202,A50,'Claim Review'!$M$2:$M$202,"NON-COMPLIANT") | M50: =SUMIFS('Claim Review'!$J$2:$J$202,'Claim Review'!$B$2:$B$202,A50) | N50: =COUNTIFS('Photo Review'!$B$2:$B$403,A50,'Photo Review'!$T$2:$T$403,"High") | O50: =IF(I50=0,"No stamp on any photo",IF(J50>0,"Some photos without stamp","Compliant")) | P50: END photo taken before START (1)
A51: SL04310 | B51: RAHUL GAUTAM | C51: ASM | D51: GTR02 | E51: New Delhi | F51: RAMESH SINGH | G51: =COUNTIF('Claim Review'!$B$2:$B$202,A51) | H51: =COUNTIF('Photo Review'!$B$2:$B$403,A51) | I51: =COUNTIFS('Photo Review'!$B$2:$B$403,A51,'Photo Review'!$X$2:$X$403,"Yes") | J51: =H51-I51 | K51: =COUNTIFS('Claim Review'!$B$2:$B$202,A51,'Claim Review'!$M$2:$M$202,"NON-COMPLIANT") | L51: =SUMIFS('Claim Review'!$J$2:$J$202,'Claim Review'!$B$2:$B$202,A51,'Claim Review'!$M$2:$M$202,"NON-COMPLIANT") | M51: =SUMIFS('Claim Review'!$J$2:$J$202,'Claim Review'!$B$2:$B$202,A51) | N51: =COUNTIFS('Photo Review'!$B$2:$B$403,A51,'Photo Review'!$T$2:$T$403,"High") | O51: =IF(I51=0,"No stamp on any photo",IF(J51>0,"Some photos without stamp","Compliant")) | P51: END photo taken before START (1)
A52: SL04428 | B52: ASHWANI KUMAR | C52: SO | D52: GTR02 | E52: Central Delhi | F52: RAHUL GAUTAM | G52: =COUNTIF('Claim Review'!$B$2:$B$202,A52) | H52: =COUNTIF('Photo Review'!$B$2:$B$403,A52) | I52: =COUNTIFS('Photo Review'!$B$2:$B$403,A52,'Photo Review'!$X$2:$X$403,"Yes") | J52: =H52-I52 | K52: =COUNTIFS('Claim Review'!$B$2:$B$202,A52,'Claim Review'!$M$2:$M$202,"NON-COMPLIANT") | L52: =SUMIFS('Claim Review'!$J$2:$J$202,'Claim Review'!$B$2:$B$202,A52,'Claim Review'!$M$2:$M$202,"NON-COMPLIANT") | M52: =SUMIFS('Claim Review'!$J$2:$J$202,'Claim Review'!$B$2:$B$202,A52) | N52: =COUNTIFS('Photo Review'!$B$2:$B$403,A52,'Photo Review'!$T$2:$T$403,"High") | O52: =IF(I52=0,"No stamp on any photo",IF(J52>0,"Some photos without stamp","Compliant")) | P52: Stamp date does not match claim (1)
A53: SL04464 | B53: RAVISHANKAR DHARAMRAJ MAURYA | C53: KAE | D53: North | E53: DELHI | F53: RISHI RAGHAV | G53: =COUNTIF('Claim Review'!$B$2:$B$202,A53) | H53: =COUNTIF('Photo Review'!$B$2:$B$403,A53) | I53: =COUNTIFS('Photo Review'!$B$2:$B$403,A53,'Photo Review'!$X$2:$X$403,"Yes") | J53: =H53-I53 | K53: =COUNTIFS('Claim Review'!$B$2:$B$202,A53,'Claim Review'!$M$2:$M$202,"NON-COMPLIANT") | L53: =SUMIFS('Claim Review'!$J$2:$J$202,'Claim Review'!$B$2:$B$202,A53,'Claim Review'!$M$2:$M$202,"NON-COMPLIANT") | M53: =SUMIFS('Claim Review'!$J$2:$J$202,'Claim Review'!$B$2:$B$202,A53) | N53: =COUNTIFS('Photo Review'!$B$2:$B$403,A53,'Photo Review'!$T$2:$T$403,"High") | O53: =IF(I53=0,"No stamp on any photo",IF(J53>0,"Some photos without stamp","Compliant")) | P53: Stamp date does not match claim (8) | Odometer reading goes backwards (1)
A54: SL04516 | B54: VINAY S | C54: SO | D54: GTR08 | E54: BIDADI | F54: P VIJAY KUMAR | G54: =COUNTIF('Claim Review'!$B$2:$B$202,A54) | H54: =COUNTIF('Photo Review'!$B$2:$B$403,A54) | I54: =COUNTIFS('Photo Review'!$B$2:$B$403,A54,'Photo Review'!$X$2:$X$403,"Yes") | J54: =H54-I54 | K54: =COUNTIFS('Claim Review'!$B$2:$B$202,A54,'Claim Review'!$M$2:$M$202,"NON-COMPLIANT") | L54: =SUMIFS('Claim Review'!$J$2:$J$202,'Claim Review'!$B$2:$B$202,A54,'Claim Review'!$M$2:$M$202,"NON-COMPLIANT") | M54: =SUMIFS('Claim Review'!$J$2:$J$202,'Claim Review'!$B$2:$B$202,A54) | N54: =COUNTIFS('Photo Review'!$B$2:$B$403,A54,'Photo Review'!$T$2:$T$403,"High") | O54: =IF(I54=0,"No stamp on any photo",IF(J54>0,"Some photos without stamp","Compliant")) | P54: Reused photo (2) | Stamp date does not match claim (1)
A55: SL04394 | B55: DHILIBAN M | C55: SO | D55: GTR09 | E55: Krishnagiri | F55: Saravanan N | G55: =COUNTIF('Claim Review'!$B$2:$B$202,A55) | H55: =COUNTIF('Photo Review'!$B$2:$B$403,A55) | I55: =COUNTIFS('Photo Review'!$B$2:$B$403,A55,'Photo Review'!$X$2:$X$403,"Yes") | J55: =H55-I55 | K55: =COUNTIFS('Claim Review'!$B$2:$B$202,A55,'Claim Review'!$M$2:$M$202,"NON-COMPLIANT") | L55: =SUMIFS('Claim Review'!$J$2:$J$202,'Claim Review'!$B$2:$B$202,A55,'Claim Review'!$M$2:$M$202,"NON-COMPLIANT") | M55: =SUMIFS('Claim Review'!$J$2:$J$202,'Claim Review'!$B$2:$B$202,A55) | N55: =COUNTIFS('Photo Review'!$B$2:$B$403,A55,'Photo Review'!$T$2:$T$403,"High") | O55: =IF(I55=0,"No stamp on any photo",IF(J55>0,"Some photos without stamp","Compliant")) | P55: Screenshot instead of photo (1)
A56: SL01966 | B56: SHASHIDHAR NAIR | C56: SO | D56: GTR08 | E56: BANGALORE | F56: GANGADHARAM K | G56: =COUNTIF('Claim Review'!$B$2:$B$202,A56) | H56: =COUNTIF('Photo Review'!$B$2:$B$403,A56) | I56: =COUNTIFS('Photo Review'!$B$2:$B$403,A56,'Photo Review'!$X$2:$X$403,"Yes") | J56: =H56-I56 | K56: =COUNTIFS('Claim Review'!$B$2:$B$202,A56,'Claim Review'!$M$2:$M$202,"NON-COMPLIANT") | L56: =SUMIFS('Claim Review'!$J$2:$J$202,'Claim Review'!$B$2:$B$202,A56,'Claim Review'!$M$2:$M$202,"NON-COMPLIANT") | M56: =SUMIFS('Claim Review'!$J$2:$J$202,'Claim Review'!$B$2:$B$202,A56) | N56: =COUNTIFS('Photo Review'!$B$2:$B$403,A56,'Photo Review'!$T$2:$T$403,"High") | O56: =IF(I56=0,"No stamp on any photo",IF(J56>0,"Some photos without stamp","Compliant"))
A57: SL03071 | B57: Bhavana Yadav | C57: SO | D57: West | E57: RAIPUR | F57: POKHRAJ KUMAR SAHU | G57: =COUNTIF('Claim Review'!$B$2:$B$202,A57) | H57: =COUNTIF('Photo Review'!$B$2:$B$403,A57) | I57: =COUNTIFS('Photo Review'!$B$2:$B$403,A57,'Photo Review'!$X$2:$X$403,"Yes") | J57: =H57-I57 | K57: =COUNTIFS('Claim Review'!$B$2:$B$202,A57,'Claim Review'!$M$2:$M$202,"NON-COMPLIANT") | L57: =SUMIFS('Claim Review'!$J$2:$J$202,'Claim Review'!$B$2:$B$202,A57,'Claim Review'!$M$2:$M$202,"NON-COMPLIANT") | M57: =SUMIFS('Claim Review'!$J$2:$J$202,'Claim Review'!$B$2:$B$202,A57) | N57: =COUNTIFS('Photo Review'!$B$2:$B$403,A57,'Photo Review'!$T$2:$T$403,"High") | O57: =IF(I57=0,"No stamp on any photo",IF(J57>0,"Some photos without stamp","Compliant"))
A58: SL03290 | B58: MILI AHIRWAR | C58: SR | D58: East | E58: Bhopal | F58: POKHRAJ KUMAR SAHU | G58: =COUNTIF('Claim Review'!$B$2:$B$202,A58) | H58: =COUNTIF('Photo Review'!$B$2:$B$403,A58) | I58: =COUNTIFS('Photo Review'!$B$2:$B$403,A58,'Photo Review'!$X$2:$X$403,"Yes") | J58: =H58-I58 | K58: =COUNTIFS('Claim Review'!$B$2:$B$202,A58,'Claim Review'!$M$2:$M$202,"NON-COMPLIANT") | L58: =SUMIFS('Claim Review'!$J$2:$J$202,'Claim Review'!$B$2:$B$202,A58,'Claim Review'!$M$2:$M$202,"NON-COMPLIANT") | M58: =SUMIFS('Claim Review'!$J$2:$J$202,'Claim Review'!$B$2:$B$202,A58) | N58: =COUNTIFS('Photo Review'!$B$2:$B$403,A58,'Photo Review'!$T$2:$T$403,"High") | O58: =IF(I58=0,"No stamp on any photo",IF(J58>0,"Some photos without stamp","Compliant"))
A59: SL03532 | B59: SURENDRAN R | C59: KAE | D59: South | E59: CHENNAI | F59: Gouri Shankar | G59: =COUNTIF('Claim Review'!$B$2:$B$202,A59) | H59: =COUNTIF('Photo Review'!$B$2:$B$403,A59) | I59: =COUNTIFS('Photo Review'!$B$2:$B$403,A59,'Photo Review'!$X$2:$X$403,"Yes") | J59: =H59-I59 | K59: =COUNTIFS('Claim Review'!$B$2:$B$202,A59,'Claim Review'!$M$2:$M$202,"NON-COMPLIANT") | L59: =SUMIFS('Claim Review'!$J$2:$J$202,'Claim Review'!$B$2:$B$202,A59,'Claim Review'!$M$2:$M$202,"NON-COMPLIANT") | M59: =SUMIFS('Claim Review'!$J$2:$J$202,'Claim Review'!$B$2:$B$202,A59) | N59: =COUNTIFS('Photo Review'!$B$2:$B$403,A59,'Photo Review'!$T$2:$T$403,"High") | O59: =IF(I59=0,"No stamp on any photo",IF(J59>0,"Some photos without stamp","Compliant"))
A60: SL03612 | B60: RAJ KUMAR PAL | C60: SR | D60: GTR03 A | E60: LUCKNOW | F60: SAURABH JAISWAL | G60: =COUNTIF('Claim Review'!$B$2:$B$202,A60) | H60: =COUNTIF('Photo Review'!$B$2:$B$403,A60) | I60: =COUNTIFS('Photo Review'!$B$2:$B$403,A60,'Photo Review'!$X$2:$X$403,"Yes") | J60: =H60-I60 | K60: =COUNTIFS('Claim Review'!$B$2:$B$202,A60,'Claim Review'!$M$2:$M$202,"NON-COMPLIANT") | L60: =SUMIFS('Claim Review'!$J$2:$J$202,'Claim Review'!$B$2:$B$202,A60,'Claim Review'!$M$2:$M$202,"NON-COMPLIANT") | M60: =SUMIFS('Claim Review'!$J$2:$J$202,'Claim Review'!$B$2:$B$202,A60) | N60: =COUNTIFS('Photo Review'!$B$2:$B$403,A60,'Photo Review'!$T$2:$T$403,"High") | O60: =IF(I60=0,"No stamp on any photo",IF(J60>0,"Some photos without stamp","Compliant"))
A61: SL04240 | B61: SALIM KHAN | C61: SO | D61: GTR02 | E61: Faridabad | F61: PUNEET WADHWA | G61: =COUNTIF('Claim Review'!$B$2:$B$202,A61) | H61: =COUNTIF('Photo Review'!$B$2:$B$403,A61) | I61: =COUNTIFS('Photo Review'!$B$2:$B$403,A61,'Photo Review'!$X$2:$X$403,"Yes") | J61: =H61-I61 | K61: =COUNTIFS('Claim Review'!$B$2:$B$202,A61,'Claim Review'!$M$2:$M$202,"NON-COMPLIANT") | L61: =SUMIFS('Claim Review'!$J$2:$J$202,'Claim Review'!$B$2:$B$202,A61,'Claim Review'!$M$2:$M$202,"NON-COMPLIANT") | M61: =SUMIFS('Claim Review'!$J$2:$J$202,'Claim Review'!$B$2:$B$202,A61) | N61: =COUNTIFS('Photo Review'!$B$2:$B$403,A61,'Photo Review'!$T$2:$T$403,"High") | O61: =IF(I61=0,"No stamp on any photo",IF(J61>0,"Some photos without stamp","Compliant"))
A62: SL04254 | B62: JOY DAS | C62: SR | D62: GTR04 A | E62: Durgapur | F62: DEEPOJWAL CHAKRABORTY | G62: =COUNTIF('Claim Review'!$B$2:$B$202,A62) | H62: =COUNTIF('Photo Review'!$B$2:$B$403,A62) | I62: =COUNTIFS('Photo Review'!$B$2:$B$403,A62,'Photo Review'!$X$2:$X$403,"Yes") | J62: =H62-I62 | K62: =COUNTIFS('Claim Review'!$B$2:$B$202,A62,'Claim Review'!$M$2:$M$202,"NON-COMPLIANT") | L62: =SUMIFS('Claim Review'!$J$2:$J$202,'Claim Review'!$B$2:$B$202,A62,'Claim Review'!$M$2:$M$202,"NON-COMPLIANT") | M62: =SUMIFS('Claim Review'!$J$2:$J$202,'Claim Review'!$B$2:$B$202,A62) | N62: =COUNTIFS('Photo Review'!$B$2:$B$403,A62,'Photo Review'!$T$2:$T$403,"High") | O62: =IF(I62=0,"No stamp on any photo",IF(J62>0,"Some photos without stamp","Compliant"))
A63: SL04344 | B63: V GIRIDHAR BABU | C63: SO | D63: South | E63: Bangalore | F63: AMRUTH K | G63: =COUNTIF('Claim Review'!$B$2:$B$202,A63) | H63: =COUNTIF('Photo Review'!$B$2:$B$403,A63) | I63: =COUNTIFS('Photo Review'!$B$2:$B$403,A63,'Photo Review'!$X$2:$X$403,"Yes") | J63: =H63-I63 | K63: =COUNTIFS('Claim Review'!$B$2:$B$202,A63,'Claim Review'!$M$2:$M$202,"NON-COMPLIANT") | L63: =SUMIFS('Claim Review'!$J$2:$J$202,'Claim Review'!$B$2:$B$202,A63,'Claim Review'!$M$2:$M$202,"NON-COMPLIANT") | M63: =SUMIFS('Claim Review'!$J$2:$J$202,'Claim Review'!$B$2:$B$202,A63) | N63: =COUNTIFS('Photo Review'!$B$2:$B$403,A63,'Photo Review'!$T$2:$T$403,"High") | O63: =IF(I63=0,"No stamp on any photo",IF(J63>0,"Some photos without stamp","Compliant"))
A64: SL04406 | B64: ARUN KUMAR | C64: SO | D64: GTR01 | E64: Ludhiana | F64: MUNISH KAPOOR | G64: =COUNTIF('Claim Review'!$B$2:$B$202,A64) | H64: =COUNTIF('Photo Review'!$B$2:$B$403,A64) | I64: =COUNTIFS('Photo Review'!$B$2:$B$403,A64,'Photo Review'!$X$2:$X$403,"Yes") | J64: =H64-I64 | K64: =COUNTIFS('Claim Review'!$B$2:$B$202,A64,'Claim Review'!$M$2:$M$202,"NON-COMPLIANT") | L64: =SUMIFS('Claim Review'!$J$2:$J$202,'Claim Review'!$B$2:$B$202,A64,'Claim Review'!$M$2:$M$202,"NON-COMPLIANT") | M64: =SUMIFS('Claim Review'!$J$2:$J$202,'Claim Review'!$B$2:$B$202,A64) | N64: =COUNTIFS('Photo Review'!$B$2:$B$403,A64,'Photo Review'!$T$2:$T$403,"High") | O64: =IF(I64=0,"No stamp on any photo",IF(J64>0,"Some photos without stamp","Compliant"))
A65: SL04478 | B65: KARAN LAMBA | C65: ASE | D65: GTR02 | E65: West Delhi | F65: RAHUL GAUTAM | G65: =COUNTIF('Claim Review'!$B$2:$B$202,A65) | H65: =COUNTIF('Photo Review'!$B$2:$B$403,A65) | I65: =COUNTIFS('Photo Review'!$B$2:$B$403,A65,'Photo Review'!$X$2:$X$403,"Yes") | J65: =H65-I65 | K65: =COUNTIFS('Claim Review'!$B$2:$B$202,A65,'Claim Review'!$M$2:$M$202,"NON-COMPLIANT") | L65: =SUMIFS('Claim Review'!$J$2:$J$202,'Claim Review'!$B$2:$B$202,A65,'Claim Review'!$M$2:$M$202,"NON-COMPLIANT") | M65: =SUMIFS('Claim Review'!$J$2:$J$202,'Claim Review'!$B$2:$B$202,A65) | N65: =COUNTIFS('Photo Review'!$B$2:$B$403,A65,'Photo Review'!$T$2:$T$403,"High") | O65: =IF(I65=0,"No stamp on any photo",IF(J65>0,"Some photos without stamp","Compliant"))
A66: SL04604 | B66: NARINDER KUMAR | C66: SO | D66: GTR01 | E66: Ludhiana | G66: =COUNTIF('Claim Review'!$B$2:$B$202,A66) | H66: =COUNTIF('Photo Review'!$B$2:$B$403,A66) | I66: =COUNTIFS('Photo Review'!$B$2:$B$403,A66,'Photo Review'!$X$2:$X$403,"Yes") | J66: =H66-I66 | K66: =COUNTIFS('Claim Review'!$B$2:$B$202,A66,'Claim Review'!$M$2:$M$202,"NON-COMPLIANT") | L66: =SUMIFS('Claim Review'!$J$2:$J$202,'Claim Review'!$B$2:$B$202,A66,'Claim Review'!$M$2:$M$202,"NON-COMPLIANT") | M66: =SUMIFS('Claim Review'!$J$2:$J$202,'Claim Review'!$B$2:$B$202,A66) | N66: =COUNTIFS('Photo Review'!$B$2:$B$403,A66,'Photo Review'!$T$2:$T$403,"High") | O66: =IF(I66=0,"No stamp on any photo",IF(J66>0,"Some photos without stamp","Compliant"))
A67: SL04432 | B67: GOBIND KUMAR PASWAN | C67: KAE | D67: West | E67: CHANDIGRAH | F67: Gouri Shankar | G67: =COUNTIF('Claim Review'!$B$2:$B$202,A67) | H67: =COUNTIF('Photo Review'!$B$2:$B$403,A67) | I67: =COUNTIFS('Photo Review'!$B$2:$B$403,A67,'Photo Review'!$X$2:$X$403,"Yes") | J67: =H67-I67 | K67: =COUNTIFS('Claim Review'!$B$2:$B$202,A67,'Claim Review'!$M$2:$M$202,"NON-COMPLIANT") | L67: =SUMIFS('Claim Review'!$J$2:$J$202,'Claim Review'!$B$2:$B$202,A67,'Claim Review'!$M$2:$M$202,"NON-COMPLIANT") | M67: =SUMIFS('Claim Review'!$J$2:$J$202,'Claim Review'!$B$2:$B$202,A67) | N67: =COUNTIFS('Photo Review'!$B$2:$B$403,A67,'Photo Review'!$T$2:$T$403,"High") | O67: =IF(I67=0,"No stamp on any photo",IF(J67>0,"Some photos without stamp","Compliant")) | P67: Stamp looks edited (1)
A68: SL02458 | B68: SURESH KUMAR JENA | C68: SO | D68: GTR05 | E68: cuttack | F68: UMA SANKAR PATTANAIK | G68: =COUNTIF('Claim Review'!$B$2:$B$202,A68) | H68: =COUNTIF('Photo Review'!$B$2:$B$403,A68) | I68: =COUNTIFS('Photo Review'!$B$2:$B$403,A68,'Photo Review'!$X$2:$X$403,"Yes") | J68: =H68-I68 | K68: =COUNTIFS('Claim Review'!$B$2:$B$202,A68,'Claim Review'!$M$2:$M$202,"NON-COMPLIANT") | L68: =SUMIFS('Claim Review'!$J$2:$J$202,'Claim Review'!$B$2:$B$202,A68,'Claim Review'!$M$2:$M$202,"NON-COMPLIANT") | M68: =SUMIFS('Claim Review'!$J$2:$J$202,'Claim Review'!$B$2:$B$202,A68) | N68: =COUNTIFS('Photo Review'!$B$2:$B$403,A68,'Photo Review'!$T$2:$T$403,"High") | O68: =IF(I68=0,"No stamp on any photo",IF(J68>0,"Some photos without stamp","Compliant")) | P68: Stamp date does not match claim (1)
A69: SL04436 | B69: KOWTHARAPU NAGACHAITANYA | C69: SR | D69: GTR07 | E69: Guntur | F69: Yellapu Nageswara Rao | G69: =COUNTIF('Claim Review'!$B$2:$B$202,A69) | H69: =COUNTIF('Photo Review'!$B$2:$B$403,A69) | I69: =COUNTIFS('Photo Review'!$B$2:$B$403,A69,'Photo Review'!$X$2:$X$403,"Yes") | J69: =H69-I69 | K69: =COUNTIFS('Claim Review'!$B$2:$B$202,A69,'Claim Review'!$M$2:$M$202,"NON-COMPLIANT") | L69: =SUMIFS('Claim Review'!$J$2:$J$202,'Claim Review'!$B$2:$B$202,A69,'Claim Review'!$M$2:$M$202,"NON-COMPLIANT") | M69: =SUMIFS('Claim Review'!$J$2:$J$202,'Claim Review'!$B$2:$B$202,A69) | N69: =COUNTIFS('Photo Review'!$B$2:$B$403,A69,'Photo Review'!$T$2:$T$403,"High") | O69: =IF(I69=0,"No stamp on any photo",IF(J69>0,"Some photos without stamp","Compliant")) | P69: Reused photo (2) | Stamp date does not match claim (1)
A70: SL04497 | B70: JAIMINI SOLANKI | C70: KAE | D70: West | E70: Ahmedabad | F70: NAVEEN N ANCHAN | G70: =COUNTIF('Claim Review'!$B$2:$B$202,A70) | H70: =COUNTIF('Photo Review'!$B$2:$B$403,A70) | I70: =COUNTIFS('Photo Review'!$B$2:$B$403,A70,'Photo Review'!$X$2:$X$403,"Yes") | J70: =H70-I70 | K70: =COUNTIFS('Claim Review'!$B$2:$B$202,A70,'Claim Review'!$M$2:$M$202,"NON-COMPLIANT") | L70: =SUMIFS('Claim Review'!$J$2:$J$202,'Claim Review'!$B$2:$B$202,A70,'Claim Review'!$M$2:$M$202,"NON-COMPLIANT") | M70: =SUMIFS('Claim Review'!$J$2:$J$202,'Claim Review'!$B$2:$B$202,A70) | N70: =COUNTIFS('Photo Review'!$B$2:$B$403,A70,'Photo Review'!$T$2:$T$403,"High") | O70: =IF(I70=0,"No stamp on any photo",IF(J70>0,"Some photos without stamp","Compliant")) | P70: Stamp date does not match claim (2) | END photo taken before START (1)
A71: SL00147 | B71: Girish Kahar | C71: SO | D71: West | E71: VADODARA | F71: NAVEEN N ANCHAN | G71: =COUNTIF('Claim Review'!$B$2:$B$202,A71) | H71: =COUNTIF('Photo Review'!$B$2:$B$403,A71) | I71: =COUNTIFS('Photo Review'!$B$2:$B$403,A71,'Photo Review'!$X$2:$X$403,"Yes") | J71: =H71-I71 | K71: =COUNTIFS('Claim Review'!$B$2:$B$202,A71,'Claim Review'!$M$2:$M$202,"NON-COMPLIANT") | L71: =SUMIFS('Claim Review'!$J$2:$J$202,'Claim Review'!$B$2:$B$202,A71,'Claim Review'!$M$2:$M$202,"NON-COMPLIANT") | M71: =SUMIFS('Claim Review'!$J$2:$J$202,'Claim Review'!$B$2:$B$202,A71) | N71: =COUNTIFS('Photo Review'!$B$2:$B$403,A71,'Photo Review'!$T$2:$T$403,"High") | O71: =IF(I71=0,"No stamp on any photo",IF(J71>0,"Some photos without stamp","Compliant"))
A72: SL02670 | B72: RAMAKANTA SAHU | C72: SO | D72: GTR05 | E72: BALANGIRI | F72: UMA SANKAR PATTANAIK | G72: =COUNTIF('Claim Review'!$B$2:$B$202,A72) | H72: =COUNTIF('Photo Review'!$B$2:$B$403,A72) | I72: =COUNTIFS('Photo Review'!$B$2:$B$403,A72,'Photo Review'!$X$2:$X$403,"Yes") | J72: =H72-I72 | K72: =COUNTIFS('Claim Review'!$B$2:$B$202,A72,'Claim Review'!$M$2:$M$202,"NON-COMPLIANT") | L72: =SUMIFS('Claim Review'!$J$2:$J$202,'Claim Review'!$B$2:$B$202,A72,'Claim Review'!$M$2:$M$202,"NON-COMPLIANT") | M72: =SUMIFS('Claim Review'!$J$2:$J$202,'Claim Review'!$B$2:$B$202,A72) | N72: =COUNTIFS('Photo Review'!$B$2:$B$403,A72,'Photo Review'!$T$2:$T$403,"High") | O72: =IF(I72=0,"No stamp on any photo",IF(J72>0,"Some photos without stamp","Compliant"))
A73: SL04087 | B73: GANGADHARAM K | C73: ASM | D73: GTR08 | E73: Bangalore | F73: REVANASIDDAPPA | G73: =COUNTIF('Claim Review'!$B$2:$B$202,A73) | H73: =COUNTIF('Photo Review'!$B$2:$B$403,A73) | I73: =COUNTIFS('Photo Review'!$B$2:$B$403,A73,'Photo Review'!$X$2:$X$403,"Yes") | J73: =H73-I73 | K73: =COUNTIFS('Claim Review'!$B$2:$B$202,A73,'Claim Review'!$M$2:$M$202,"NON-COMPLIANT") | L73: =SUMIFS('Claim Review'!$J$2:$J$202,'Claim Review'!$B$2:$B$202,A73,'Claim Review'!$M$2:$M$202,"NON-COMPLIANT") | M73: =SUMIFS('Claim Review'!$J$2:$J$202,'Claim Review'!$B$2:$B$202,A73) | N73: =COUNTIFS('Photo Review'!$B$2:$B$403,A73,'Photo Review'!$T$2:$T$403,"High") | O73: =IF(I73=0,"No stamp on any photo",IF(J73>0,"Some photos without stamp","Compliant"))
A74: SL04188 | B74: RAM BAHADUR SINGH | C74: SR | D74: North | E74: Lucknow | F74: RISHI RAGHAV | G74: =COUNTIF('Claim Review'!$B$2:$B$202,A74) | H74: =COUNTIF('Photo Review'!$B$2:$B$403,A74) | I74: =COUNTIFS('Photo Review'!$B$2:$B$403,A74,'Photo Review'!$X$2:$X$403,"Yes") | J74: =H74-I74 | K74: =COUNTIFS('Claim Review'!$B$2:$B$202,A74,'Claim Review'!$M$2:$M$202,"NON-COMPLIANT") | L74: =SUMIFS('Claim Review'!$J$2:$J$202,'Claim Review'!$B$2:$B$202,A74,'Claim Review'!$M$2:$M$202,"NON-COMPLIANT") | M74: =SUMIFS('Claim Review'!$J$2:$J$202,'Claim Review'!$B$2:$B$202,A74) | N74: =COUNTIFS('Photo Review'!$B$2:$B$403,A74,'Photo Review'!$T$2:$T$403,"High") | O74: =IF(I74=0,"No stamp on any photo",IF(J74>0,"Some photos without stamp","Compliant"))
A75: SL04235 | B75: HIMANSHU VERMA | C75: SR | D75: GTR03 B | E75: Ghaziabad | F75: AVDHESH KUMAR SHARMA | G75: =COUNTIF('Claim Review'!$B$2:$B$202,A75) | H75: =COUNTIF('Photo Review'!$B$2:$B$403,A75) | I75: =COUNTIFS('Photo Review'!$B$2:$B$403,A75,'Photo Review'!$X$2:$X$403,"Yes") | J75: =H75-I75 | K75: =COUNTIFS('Claim Review'!$B$2:$B$202,A75,'Claim Review'!$M$2:$M$202,"NON-COMPLIANT") | L75: =SUMIFS('Claim Review'!$J$2:$J$202,'Claim Review'!$B$2:$B$202,A75,'Claim Review'!$M$2:$M$202,"NON-COMPLIANT") | M75: =SUMIFS('Claim Review'!$J$2:$J$202,'Claim Review'!$B$2:$B$202,A75) | N75: =COUNTIFS('Photo Review'!$B$2:$B$403,A75,'Photo Review'!$T$2:$T$403,"High") | O75: =IF(I75=0,"No stamp on any photo",IF(J75>0,"Some photos without stamp","Compliant"))
A76: SL04300 | B76: SUJAY KUMAR BANERJEE | C76: SO | D76: GTR05 | E76: SAMBALPUR | F76: UMA SANKAR PATTANAIK | G76: =COUNTIF('Claim Review'!$B$2:$B$202,A76) | H76: =COUNTIF('Photo Review'!$B$2:$B$403,A76) | I76: =COUNTIFS('Photo Review'!$B$2:$B$403,A76,'Photo Review'!$X$2:$X$403,"Yes") | J76: =H76-I76 | K76: =COUNTIFS('Claim Review'!$B$2:$B$202,A76,'Claim Review'!$M$2:$M$202,"NON-COMPLIANT") | L76: =SUMIFS('Claim Review'!$J$2:$J$202,'Claim Review'!$B$2:$B$202,A76,'Claim Review'!$M$2:$M$202,"NON-COMPLIANT") | M76: =SUMIFS('Claim Review'!$J$2:$J$202,'Claim Review'!$B$2:$B$202,A76) | N76: =COUNTIFS('Photo Review'!$B$2:$B$403,A76,'Photo Review'!$T$2:$T$403,"High") | O76: =IF(I76=0,"No stamp on any photo",IF(J76>0,"Some photos without stamp","Compliant"))
A77: SL04330 | B77: BHARATHI B RAMADASS | C77: SO | D77: South | E77: Chennai | F77: SURENDRAN R | G77: =COUNTIF('Claim Review'!$B$2:$B$202,A77) | H77: =COUNTIF('Photo Review'!$B$2:$B$403,A77) | I77: =COUNTIFS('Photo Review'!$B$2:$B$403,A77,'Photo Review'!$X$2:$X$403,"Yes") | J77: =H77-I77 | K77: =COUNTIFS('Claim Review'!$B$2:$B$202,A77,'Claim Review'!$M$2:$M$202,"NON-COMPLIANT") | L77: =SUMIFS('Claim Review'!$J$2:$J$202,'Claim Review'!$B$2:$B$202,A77,'Claim Review'!$M$2:$M$202,"NON-COMPLIANT") | M77: =SUMIFS('Claim Review'!$J$2:$J$202,'Claim Review'!$B$2:$B$202,A77) | N77: =COUNTIFS('Photo Review'!$B$2:$B$403,A77,'Photo Review'!$T$2:$T$403,"High") | O77: =IF(I77=0,"No stamp on any photo",IF(J77>0,"Some photos without stamp","Compliant"))
A78: SL04371 | B78: NAVEEN N ANCHAN | C78: KAM | D78: West | E78: Mumbai | F78: Gouri Shankar | G78: =COUNTIF('Claim Review'!$B$2:$B$202,A78) | H78: =COUNTIF('Photo Review'!$B$2:$B$403,A78) | I78: =COUNTIFS('Photo Review'!$B$2:$B$403,A78,'Photo Review'!$X$2:$X$403,"Yes") | J78: =H78-I78 | K78: =COUNTIFS('Claim Review'!$B$2:$B$202,A78,'Claim Review'!$M$2:$M$202,"NON-COMPLIANT") | L78: =SUMIFS('Claim Review'!$J$2:$J$202,'Claim Review'!$B$2:$B$202,A78,'Claim Review'!$M$2:$M$202,"NON-COMPLIANT") | M78: =SUMIFS('Claim Review'!$J$2:$J$202,'Claim Review'!$B$2:$B$202,A78) | N78: =COUNTIFS('Photo Review'!$B$2:$B$403,A78,'Photo Review'!$T$2:$T$403,"High") | O78: =IF(I78=0,"No stamp on any photo",IF(J78>0,"Some photos without stamp","Compliant"))
A79: SL04419 | B79: NATHA ASHOK KAMBLE | C79: SO | D79: West | E79: MUMBAI | F79: NAVEEN N ANCHAN | G79: =COUNTIF('Claim Review'!$B$2:$B$202,A79) | H79: =COUNTIF('Photo Review'!$B$2:$B$403,A79) | I79: =COUNTIFS('Photo Review'!$B$2:$B$403,A79,'Photo Review'!$X$2:$X$403,"Yes") | J79: =H79-I79 | K79: =COUNTIFS('Claim Review'!$B$2:$B$202,A79,'Claim Review'!$M$2:$M$202,"NON-COMPLIANT") | L79: =SUMIFS('Claim Review'!$J$2:$J$202,'Claim Review'!$B$2:$B$202,A79,'Claim Review'!$M$2:$M$202,"NON-COMPLIANT") | M79: =SUMIFS('Claim Review'!$J$2:$J$202,'Claim Review'!$B$2:$B$202,A79) | N79: =COUNTIFS('Photo Review'!$B$2:$B$403,A79,'Photo Review'!$T$2:$T$403,"High") | O79: =IF(I79=0,"No stamp on any photo",IF(J79>0,"Some photos without stamp","Compliant"))
A80: SL04607 | B80: KULBIR SINGH | C80: SO | D80: GTR01 | E80: Mohali | G80: =COUNTIF('Claim Review'!$B$2:$B$202,A80) | H80: =COUNTIF('Photo Review'!$B$2:$B$403,A80) | I80: =COUNTIFS('Photo Review'!$B$2:$B$403,A80,'Photo Review'!$X$2:$X$403,"Yes") | J80: =H80-I80 | K80: =COUNTIFS('Claim Review'!$B$2:$B$202,A80,'Claim Review'!$M$2:$M$202,"NON-COMPLIANT") | L80: =SUMIFS('Claim Review'!$J$2:$J$202,'Claim Review'!$B$2:$B$202,A80,'Claim Review'!$M$2:$M$202,"NON-COMPLIANT") | M80: =SUMIFS('Claim Review'!$J$2:$J$202,'Claim Review'!$B$2:$B$202,A80) | N80: =COUNTIFS('Photo Review'!$B$2:$B$403,A80,'Photo Review'!$T$2:$T$403,"High") | O80: =IF(I80=0,"No stamp on any photo",IF(J80>0,"Some photos without stamp","Compliant"))

Sheet Claim Review
A1: Claim Key | B1: Employee_code | C1: User_Name | D1: Zone | E1: HQ | F1: L1 Approver | G1: Claim_Id | H1: Claim_Date | I1: Submit Date | J1: Claim_Amount (₹) | K1: START Result | L1: END Result | M1: Claim Result | N1: Odometer START (OCR) | O1: Odometer END (OCR) | P1: Odometer km (OCR) | Q1: Photos with Red Flags
A2: 2847 | B2: SL00147 | C2: Girish Kahar | D2: West | E2: VADODARA | F2: NAVEEN N ANCHAN | G2: 350983 | H2: 46312 | I2: 46312 | J2: 472 | K2: =IFERROR(INDEX('Photo Review'!$W$2:$W$403,MATCH($A2&"|START",'Photo Review'!$Z$2:$Z$403,0)),"Photo missing / not downloaded") | L2: =IFERROR(INDEX('Photo Review'!$W$2:$W$403,MATCH($A2&"|END",'Photo Review'!$Z$2:$Z$403,0)),"Photo missing / not downloaded") | M2: =IF(AND(K2="Timestamp + Location",L2="Timestamp + Location"),"Compliant","NON-COMPLIANT") | Q2: =COUNTIFS('Photo Review'!$J$2:$J$403,A2,'Photo Review'!$S$2:$S$403,"?*")
A3: 279 | B3: SL00170 | C3: MUJAHID . | D3: GTR02 | E3: GURUGRAM | F3: PUNEET WADHWA | G3: 348418 | H3: 46307 | I3: 46307 | J3: 516 | K3: =IFERROR(INDEX('Photo Review'!$W$2:$W$403,MATCH($A3&"|START",'Photo Review'!$Z$2:$Z$403,0)),"Photo missing / not downloaded") | L3: =IFERROR(INDEX('Photo Review'!$W$2:$W$403,MATCH($A3&"|END",'Photo Review'!$Z$2:$Z$403,0)),"Photo missing / not downloaded") | M3: =IF(AND(K3="Timestamp + Location",L3="Timestamp + Location"),"Compliant","NON-COMPLIANT") | N3: 7516 | O3: 7715 | P3: 199 | Q3: =COUNTIFS('Photo Review'!$J$2:$J$403,A3,'Photo Review'!$S$2:$S$403,"?*")
A4: 661 | B4: SL00170 | C4: MUJAHID . | D4: GTR02 | E4: GURUGRAM | F4: PUNEET WADHWA | G4: 348955 | H4: 46308 | I4: 46308 | J4: 400 | K4: =IFERROR(INDEX('Photo Review'!$W$2:$W$403,MATCH($A4&"|START",'Photo Review'!$Z$2:$Z$403,0)),"Photo missing / not downloaded") | L4: =IFERROR(INDEX('Photo Review'!$W$2:$W$403,MATCH($A4&"|END",'Photo Review'!$Z$2:$Z$403,0)),"Photo missing / not downloaded") | M4: =IF(AND(K4="Timestamp + Location",L4="Timestamp + Location"),"Compliant","NON-COMPLIANT") | N4: 7715 | O4: 7850 | P4: 135 | Q4: =COUNTIFS('Photo Review'!$J$2:$J$403,A4,'Photo Review'!$S$2:$S$403,"?*")
A5: 1027 | B5: SL00170 | C5: MUJAHID . | D5: GTR02 | E5: GURUGRAM | F5: PUNEET WADHWA | G5: 349374 | H5: 46309 | I5: 46309 | J5: 296 | K5: =IFERROR(INDEX('Photo Review'!$W$2:$W$403,MATCH($A5&"|START",'Photo Review'!$Z$2:$Z$403,0)),"Photo missing / not downloaded") | L5: =IFERROR(INDEX('Photo Review'!$W$2:$W$403,MATCH($A5&"|END",'Photo Review'!$Z$2:$Z$403,0)),"Photo missing / not downloaded") | M5: =IF(AND(K5="Timestamp + Location",L5="Timestamp + Location"),"Compliant","NON-COMPLIANT") | N5: 1022 | O5: 1032.9 | P5: 10.9 | Q5: =COUNTIFS('Photo Review'!$J$2:$J$403,A5,'Photo Review'!$S$2:$S$403,"?*")
A6: 1696 | B6: SL00170 | C6: MUJAHID . | D6: GTR02 | E6: GURUGRAM | F6: PUNEET WADHWA | G6: 350005 | H6: 46310 | I6: 46310 | J6: 448 | K6: =IFERROR(INDEX('Photo Review'!$W$2:$W$403,MATCH($A6&"|START",'Photo Review'!$Z$2:$Z$403,0)),"Photo missing / not downloaded") | L6: =IFERROR(INDEX('Photo Review'!$W$2:$W$403,MATCH($A6&"|END",'Photo Review'!$Z$2:$Z$403,0)),"Photo missing / not downloaded") | M6: =IF(AND(K6="Timestamp + Location",L6="Timestamp + Location"),"Compliant","NON-COMPLIANT") | Q6: =COUNTIFS('Photo Review'!$J$2:$J$403,A6,'Photo Review'!$S$2:$S$403,"?*")
A7: 2369 | B7: SL00170 | C7: MUJAHID . | D7: GTR02 | E7: GURUGRAM | F7: PUNEET WADHWA | G7: 350602 | H7: 46311 | I7: 46311 | J7: 432 | K7: =IFERROR(INDEX('Photo Review'!$W$2:$W$403,MATCH($A7&"|START",'Photo Review'!$Z$2:$Z$403,0)),"Photo missing / not downloaded") | L7: =IFERROR(INDEX('Photo Review'!$W$2:$W$403,MATCH($A7&"|END",'Photo Review'!$Z$2:$Z$403,0)),"Photo missing / not downloaded") | M7: =IF(AND(K7="Timestamp + Location",L7="Timestamp + Location"),"Compliant","NON-COMPLIANT") | N7: 7850 | O7: 7993 | P7: 143 | Q7: =COUNTIFS('Photo Review'!$J$2:$J$403,A7,'Photo Review'!$S$2:$S$403,"?*")
A8: 3029 | B8: SL00170 | C8: MUJAHID . | D8: GTR02 | E8: GURUGRAM | F8: PUNEET WADHWA | G8: 351135 | H8: 46312 | I8: 46312 | J8: 336 | K8: =IFERROR(INDEX('Photo Review'!$W$2:$W$403,MATCH($A8&"|START",'Photo Review'!$Z$2:$Z$403,0)),"Photo missing / not downloaded") | L8: =IFERROR(INDEX('Photo Review'!$W$2:$W$403,MATCH($A8&"|END",'Photo Review'!$Z$2:$Z$403,0)),"Photo missing / not downloaded") | M8: =IF(AND(K8="Timestamp + Location",L8="Timestamp + Location"),"Compliant","NON-COMPLIANT") | Q8: =COUNTIFS('Photo Review'!$J$2:$J$403,A8,'Photo Review'!$S$2:$S$403,"?*")
A9: 3215 | B9: SL01707 | C9: PANKAJ KUMAR PANDEY | D9: GTR03 A | E9: FAIZABAD | F9: PRADEEP KUMAR | G9: 351276 | H9: 46310 | I9: 46313 | J9: 124 | K9: =IFERROR(INDEX('Photo Review'!$W$2:$W$403,MATCH($A9&"|START",'Photo Review'!$Z$2:$Z$403,0)),"Photo missing / not downloaded") | L9: =IFERROR(INDEX('Photo Review'!$W$2:$W$403,MATCH($A9&"|END",'Photo Review'!$Z$2:$Z$403,0)),"Photo missing / not downloaded") | M9: =IF(AND(K9="Timestamp + Location",L9="Timestamp + Location"),"Compliant","NON-COMPLIANT") | Q9: =COUNTIFS('Photo Review'!$J$2:$J$403,A9,'Photo Review'!$S$2:$S$403,"?*")
A10: 149 | B10: SL01966 | C10: SHASHIDHAR NAIR | D10: GTR08 | E10: BANGALORE | F10: GANGADHARAM K | G10: 348187 | H10: 46307 | I10: 46307 | J10: 179.2 | K10: =IFERROR(INDEX('Photo Review'!$W$2:$W$403,MATCH($A10&"|START",'Photo Review'!$Z$2:$Z$403,0)),"Photo missing / not downloaded") | L10: =IFERROR(INDEX('Photo Review'!$W$2:$W$403,MATCH($A10&"|END",'Photo Review'!$Z$2:$Z$403,0)),"Photo missing / not downloaded") | M10: =IF(AND(K10="Timestamp + Location",L10="Timestamp + Location"),"Compliant","NON-COMPLIANT") | N10: 4643.7 | O10: 4648.3 | P10: 4.6 | Q10: =COUNTIFS('Photo Review'!$J$2:$J$403,A10,'Photo Review'!$S$2:$S$403,"?*")
A11: 524 | B11: SL01966 | C11: SHASHIDHAR NAIR | D11: GTR08 | E11: BANGALORE | F11: GANGADHARAM K | G11: 348804 | H11: 46308 | I11: 46308 | J11: 132 | K11: =IFERROR(INDEX('Photo Review'!$W$2:$W$403,MATCH($A11&"|START",'Photo Review'!$Z$2:$Z$403,0)),"Photo missing / not downloaded") | L11: =IFERROR(INDEX('Photo Review'!$W$2:$W$403,MATCH($A11&"|END",'Photo Review'!$Z$2:$Z$403,0)),"Photo missing / not downloaded") | M11: =IF(AND(K11="Timestamp + Location",L11="Timestamp + Location"),"Compliant","NON-COMPLIANT") | N11: 4648.8 | O11: 4652.1 | P11: 3.3 | Q11: =COUNTIFS('Photo Review'!$J$2:$J$403,A11,'Photo Review'!$S$2:$S$403,"?*")
A12: 908 | B12: SL01966 | C12: SHASHIDHAR NAIR | D12: GTR08 | E12: BANGALORE | F12: GANGADHARAM K | G12: 349255 | H12: 46309 | I12: 46309 | J12: 245.2 | K12: =IFERROR(INDEX('Photo Review'!$W$2:$W$403,MATCH($A12&"|START",'Photo Review'!$Z$2:$Z$403,0)),"Photo missing / not downloaded") | L12: =IFERROR(INDEX('Photo Review'!$W$2:$W$403,MATCH($A12&"|END",'Photo Review'!$Z$2:$Z$403,0)),"Photo missing / not downloaded") | M12: =IF(AND(K12="Timestamp + Location",L12="Timestamp + Location"),"Compliant","NON-COMPLIANT") | N12: 4652.1 | O12: 4658.2 | P12: 6.1 | Q12: =COUNTIFS('Photo Review'!$J$2:$J$403,A12,'Photo Review'!$S$2:$S$403,"?*")
A13: 1461 | B13: SL01966 | C13: SHASHIDHAR NAIR | D13: GTR08 | E13: BANGALORE | F13: GANGADHARAM K | G13: 349796 | H13: 46310 | I13: 46310 | J13: 151.2 | K13: =IFERROR(INDEX('Photo Review'!$W$2:$W$403,MATCH($A13&"|START",'Photo Review'!$Z$2:$Z$403,0)),"Photo missing / not downloaded") | L13: =IFERROR(INDEX('Photo Review'!$W$2:$W$403,MATCH($A13&"|END",'Photo Review'!$Z$2:$Z$403,0)),"Photo missing / not downloaded") | M13: =IF(AND(K13="Timestamp + Location",L13="Timestamp + Location"),"Compliant","NON-COMPLIANT") | N13: 4658.2 | O13: 4662 | P13: 3.8 | Q13: =COUNTIFS('Photo Review'!$J$2:$J$403,A13,'Photo Review'!$S$2:$S$403,"?*")
A14: 2130 | B14: SL01966 | C14: SHASHIDHAR NAIR | D14: GTR08 | E14: BANGALORE | F14: GANGADHARAM K | G14: 350390 | H14: 46311 | I14: 46311 | J14: 135.6 | K14: =IFERROR(INDEX('Photo Review'!$W$2:$W$403,MATCH($A14&"|START",'Photo Review'!$Z$2:$Z$403,0)),"Photo missing / not downloaded") | L14: =IFERROR(INDEX('Photo Review'!$W$2:$W$403,MATCH($A14&"|END",'Photo Review'!$Z$2:$Z$403,0)),"Photo missing / not downloaded") | M14: =IF(AND(K14="Timestamp + Location",L14="Timestamp + Location"),"Compliant","NON-COMPLIANT") | N14: 46620.2 | O14: 46654.1 | P14: 33.9 | Q14: =COUNTIFS('Photo Review'!$J$2:$J$403,A14,'Photo Review'!$S$2:$S$403,"?*")
A15: 2808 | B15: SL01966 | C15: SHASHIDHAR NAIR | D15: GTR08 | E15: BANGALORE | F15: GANGADHARAM K | G15: 350949 | H15: 46312 | I15: 46312 | J15: 150.8 | K15: =IFERROR(INDEX('Photo Review'!$W$2:$W$403,MATCH($A15&"|START",'Photo Review'!$Z$2:$Z$403,0)),"Photo missing / not downloaded") | L15: =IFERROR(INDEX('Photo Review'!$W$2:$W$403,MATCH($A15&"|END",'Photo Review'!$Z$2:$Z$403,0)),"Photo missing / not downloaded") | M15: =IF(AND(K15="Timestamp + Location",L15="Timestamp + Location"),"Compliant","NON-COMPLIANT") | N15: 4665.4 | O15: 4669.2 | P15: 3.8 | Q15: =COUNTIFS('Photo Review'!$J$2:$J$403,A15,'Photo Review'!$S$2:$S$403,"?*")
A16: 1237 | B16: SL02068 | C16: ZEVER FARNONDES | D16: GTR08 | E16: PANJIM | F16: MANOHAR KUMAR JHA | G16: 349587 | H16: 46307 | I16: 46309 | J16: 140 | K16: =IFERROR(INDEX('Photo Review'!$W$2:$W$403,MATCH($A16&"|START",'Photo Review'!$Z$2:$Z$403,0)),"Photo missing / not downloaded") | L16: =IFERROR(INDEX('Photo Review'!$W$2:$W$403,MATCH($A16&"|END",'Photo Review'!$Z$2:$Z$403,0)),"Photo missing / not downloaded") | M16: =IF(AND(K16="Timestamp + Location",L16="Timestamp + Location"),"Compliant","NON-COMPLIANT") | Q16: =COUNTIFS('Photo Review'!$J$2:$J$403,A16,'Photo Review'!$S$2:$S$403,"?*")
A17: 1238 | B17: SL02068 | C17: ZEVER FARNONDES | D17: GTR08 | E17: PANJIM | F17: MANOHAR KUMAR JHA | G17: 349588 | H17: 46308 | I17: 46309 | J17: 108 | K17: =IFERROR(INDEX('Photo Review'!$W$2:$W$403,MATCH($A17&"|START",'Photo Review'!$Z$2:$Z$403,0)),"Photo missing / not downloaded") | L17: =IFERROR(INDEX('Photo Review'!$W$2:$W$403,MATCH($A17&"|END",'Photo Review'!$Z$2:$Z$403,0)),"Photo missing / not downloaded") | M17: =IF(AND(K17="Timestamp + Location",L17="Timestamp + Location"),"Compliant","NON-COMPLIANT") | Q17: =COUNTIFS('Photo Review'!$J$2:$J$403,A17,'Photo Review'!$S$2:$S$403,"?*")
A18: 1244 | B18: SL02068 | C18: ZEVER FARNONDES | D18: GTR08 | E18: PANJIM | F18: MANOHAR KUMAR JHA | G18: 328946 | H18: 46309 | I18: 46309 | J18: 96 | K18: =IFERROR(INDEX('Photo Review'!$W$2:$W$403,MATCH($A18&"|START",'Photo Review'!$Z$2:$Z$403,0)),"Photo missing / not downloaded") | L18: =IFERROR(INDEX('Photo Review'!$W$2:$W$403,MATCH($A18&"|END",'Photo Review'!$Z$2:$Z$403,0)),"Photo missing / not downloaded") | M18: =IF(AND(K18="Timestamp + Location",L18="Timestamp + Location"),"Compliant","NON-COMPLIANT") | Q18: =COUNTIFS('Photo Review'!$J$2:$J$403,A18,'Photo Review'!$S$2:$S$403,"?*")
A19: 3665 | B19: SL02068 | C19: ZEVER FARNONDES | D19: GTR08 | E19: PANJIM | F19: MANOHAR KUMAR JHA | G19: 351840 | H19: 46310 | I19: 46314 | J19: 76 | K19: =IFERROR(INDEX('Photo Review'!$W$2:$W$403,MATCH($A19&"|START",'Photo Review'!$Z$2:$Z$403,0)),"Photo missing / not downloaded") | L19: =IFERROR(INDEX('Photo Review'!$W$2:$W$403,MATCH($A19&"|END",'Photo Review'!$Z$2:$Z$403,0)),"Photo missing / not downloaded") | M19: =IF(AND(K19="Timestamp + Location",L19="Timestamp + Location"),"Compliant","NON-COMPLIANT") | Q19: =COUNTIFS('Photo Review'!$J$2:$J$403,A19,'Photo Review'!$S$2:$S$403,"?*")
A20: 3669 | B20: SL02068 | C20: ZEVER FARNONDES | D20: GTR08 | E20: PANJIM | F20: MANOHAR KUMAR JHA | G20: 351843 | H20: 46311 | I20: 46314 | J20: 88 | K20: =IFERROR(INDEX('Photo Review'!$W$2:$W$403,MATCH($A20&"|START",'Photo Review'!$Z$2:$Z$403,0)),"Photo missing / not downloaded") | L20: =IFERROR(INDEX('Photo Review'!$W$2:$W$403,MATCH($A20&"|END",'Photo Review'!$Z$2:$Z$403,0)),"Photo missing / not downloaded") | M20: =IF(AND(K20="Timestamp + Location",L20="Timestamp + Location"),"Compliant","NON-COMPLIANT") | N20: 34209 | O20: 34266.8 | P20: 57.8 | Q20: =COUNTIFS('Photo Review'!$J$2:$J$403,A20,'Photo Review'!$S$2:$S$403,"?*")
A21: 3672 | B21: SL02068 | C21: ZEVER FARNONDES | D21: GTR08 | E21: PANJIM | F21: MANOHAR KUMAR JHA | G21: 351847 | H21: 46312 | I21: 46314 | J21: 84 | K21: =IFERROR(INDEX('Photo Review'!$W$2:$W$403,MATCH($A21&"|START",'Photo Review'!$Z$2:$Z$403,0)),"Photo missing / not downloaded") | L21: =IFERROR(INDEX('Photo Review'!$W$2:$W$403,MATCH($A21&"|END",'Photo Review'!$Z$2:$Z$403,0)),"Photo missing / not downloaded") | M21: =IF(AND(K21="Timestamp + Location",L21="Timestamp + Location"),"Compliant","NON-COMPLIANT") | Q21: =COUNTIFS('Photo Review'!$J$2:$J$403,A21,'Photo Review'!$S$2:$S$403,"?*")
A22: 1113 | B22: SL02286 | C22: AMIT KUMAR SINGH | D22: GTR03 A | E22: Lucknow | F22: SAURABH JAISWAL | G22: 349462 | H22: 46307 | I22: 46309 | J22: 128 | K22: =IFERROR(INDEX('Photo Review'!$W$2:$W$403,MATCH($A22&"|START",'Photo Review'!$Z$2:$Z$403,0)),"Photo missing / not downloaded") | L22: =IFERROR(INDEX('Photo Review'!$W$2:$W$403,MATCH($A22&"|END",'Photo Review'!$Z$2:$Z$403,0)),"Photo missing / not downloaded") | M22: =IF(AND(K22="Timestamp + Location",L22="Timestamp + Location"),"Compliant","NON-COMPLIANT") | Q22: =COUNTIFS('Photo Review'!$J$2:$J$403,A22,'Photo Review'!$S$2:$S$403,"?*")
A23: 1149 | B23: SL02286 | C23: AMIT KUMAR SINGH | D23: GTR03 A | E23: Lucknow | F23: SAURABH JAISWAL | G23: 349500 | H23: 46309 | I23: 46309 | J23: 128 | K23: =IFERROR(INDEX('Photo Review'!$W$2:$W$403,MATCH($A23&"|START",'Photo Review'!$Z$2:$Z$403,0)),"Photo missing / not downloaded") | L23: =IFERROR(INDEX('Photo Review'!$W$2:$W$403,MATCH($A23&"|END",'Photo Review'!$Z$2:$Z$403,0)),"Photo missing / not downloaded") | M23: =IF(AND(K23="Timestamp + Location",L23="Timestamp + Location"),"Compliant","NON-COMPLIANT") | N23: 6057.6 | O23: 6064.3 | P23: 6.7 | Q23: =COUNTIFS('Photo Review'!$J$2:$J$403,A23,'Photo Review'!$S$2:$S$403,"?*")
A24: 1678 | B24: SL02286 | C24: AMIT KUMAR SINGH | D24: GTR03 A | E24: Lucknow | F24: SAURABH JAISWAL | G24: 349989 | H24: 46310 | I24: 46310 | J24: 184 | K24: =IFERROR(INDEX('Photo Review'!$W$2:$W$403,MATCH($A24&"|START",'Photo Review'!$Z$2:$Z$403,0)),"Photo missing / not downloaded") | L24: =IFERROR(INDEX('Photo Review'!$W$2:$W$403,MATCH($A24&"|END",'Photo Review'!$Z$2:$Z$403,0)),"Photo missing / not downloaded") | M24: =IF(AND(K24="Timestamp + Location",L24="Timestamp + Location"),"Compliant","NON-COMPLIANT") | N24: 6064.3 | O24: 6072.4 | P24: 8.1 | Q24: =COUNTIFS('Photo Review'!$J$2:$J$403,A24,'Photo Review'!$S$2:$S$403,"?*")
A25: 2293 | B25: SL02286 | C25: AMIT KUMAR SINGH | D25: GTR03 A | E25: Lucknow | F25: SAURABH JAISWAL | G25: 350537 | H25: 46311 | I25: 46311 | J25: 132 | K25: =IFERROR(INDEX('Photo Review'!$W$2:$W$403,MATCH($A25&"|START",'Photo Review'!$Z$2:$Z$403,0)),"Photo missing / not downloaded") | L25: =IFERROR(INDEX('Photo Review'!$W$2:$W$403,MATCH($A25&"|END",'Photo Review'!$Z$2:$Z$403,0)),"Photo missing / not downloaded") | M25: =IF(AND(K25="Timestamp + Location",L25="Timestamp + Location"),"Compliant","NON-COMPLIANT") | N25: 6072.4 | O25: 6079.2 | P25: 6.8 | Q25: =COUNTIFS('Photo Review'!$J$2:$J$403,A25,'Photo Review'!$S$2:$S$403,"?*")
A26: 1782 | B26: SL02458 | C26: SURESH KUMAR JENA | D26: GTR05 | E26: cuttack | F26: UMA SANKAR PATTANAIK | G26: 350082 | H26: 46310 | I26: 46310 | J26: 276 | K26: =IFERROR(INDEX('Photo Review'!$W$2:$W$403,MATCH($A26&"|START",'Photo Review'!$Z$2:$Z$403,0)),"Photo missing / not downloaded") | L26: =IFERROR(INDEX('Photo Review'!$W$2:$W$403,MATCH($A26&"|END",'Photo Review'!$Z$2:$Z$403,0)),"Photo missing / not downloaded") | M26: =IF(AND(K26="Timestamp + Location",L26="Timestamp + Location"),"Compliant","NON-COMPLIANT") | Q26: =COUNTIFS('Photo Review'!$J$2:$J$403,A26,'Photo Review'!$S$2:$S$403,"?*")
A27: 3646 | B27: SL02480 | C27: B Venkataiah | D27: South | E27: Hyderabad | F27: K.Purushotham | G27: 351812 | H27: 46311 | I27: 46314 | J27: 100 | K27: =IFERROR(INDEX('Photo Review'!$W$2:$W$403,MATCH($A27&"|START",'Photo Review'!$Z$2:$Z$403,0)),"Photo missing / not downloaded") | L27: =IFERROR(INDEX('Photo Review'!$W$2:$W$403,MATCH($A27&"|END",'Photo Review'!$Z$2:$Z$403,0)),"Photo missing / not downloaded") | M27: =IF(AND(K27="Timestamp + Location",L27="Timestamp + Location"),"Compliant","NON-COMPLIANT") | N27: 1000 | O27: 1000 | P27: 0 | Q27: =COUNTIFS('Photo Review'!$J$2:$J$403,A27,'Photo Review'!$S$2:$S$403,"?*")
A28: 3656 | B28: SL02480 | C28: B Venkataiah | D28: South | E28: Hyderabad | F28: K.Purushotham | G28: 351825 | H28: 46312 | I28: 46314 | J28: 40 | K28: =IFERROR(INDEX('Photo Review'!$W$2:$W$403,MATCH($A28&"|START",'Photo Review'!$Z$2:$Z$403,0)),"Photo missing / not downloaded") | L28: =IFERROR(INDEX('Photo Review'!$W$2:$W$403,MATCH($A28&"|END",'Photo Review'!$Z$2:$Z$403,0)),"Photo missing / not downloaded") | M28: =IF(AND(K28="Timestamp + Location",L28="Timestamp + Location"),"Compliant","NON-COMPLIANT") | N28: 1000 | O28: 1000 | P28: 0 | Q28: =COUNTIFS('Photo Review'!$J$2:$J$403,A28,'Photo Review'!$S$2:$S$403,"?*")
A29: 217 | B29: SL02611 | C29: Mahesh Kumar Gujjari | D29: South | E29: HYDERABAD | F29: K.Purushotham | G29: 348297 | H29: 46307 | I29: 46307 | J29: 168 | K29: =IFERROR(INDEX('Photo Review'!$W$2:$W$403,MATCH($A29&"|START",'Photo Review'!$Z$2:$Z$403,0)),"Photo missing / not downloaded") | L29: =IFERROR(INDEX('Photo Review'!$W$2:$W$403,MATCH($A29&"|END",'Photo Review'!$Z$2:$Z$403,0)),"Photo missing / not downloaded") | M29: =IF(AND(K29="Timestamp + Location",L29="Timestamp + Location"),"Compliant","NON-COMPLIANT") | N29: 8030 | O29: 8037.7 | P29: 7.7 | Q29: =COUNTIFS('Photo Review'!$J$2:$J$403,A29,'Photo Review'!$S$2:$S$403,"?*")
A30: 625 | B30: SL02611 | C30: Mahesh Kumar Gujjari | D30: South | E30: HYDERABAD | F30: K.Purushotham | G30: 348925 | H30: 46308 | I30: 46308 | J30: 244 | K30: =IFERROR(INDEX('Photo Review'!$W$2:$W$403,MATCH($A30&"|START",'Photo Review'!$Z$2:$Z$403,0)),"Photo missing / not downloaded") | L30: =IFERROR(INDEX('Photo Review'!$W$2:$W$403,MATCH($A30&"|END",'Photo Review'!$Z$2:$Z$403,0)),"Photo missing / not downloaded") | M30: =IF(AND(K30="Timestamp + Location",L30="Timestamp + Location"),"Compliant","NON-COMPLIANT") | N30: 8037.9 | O30: 8047.5 | P30: 9.6 | Q30: =COUNTIFS('Photo Review'!$J$2:$J$403,A30,'Photo Review'!$S$2:$S$403,"?*")
A31: 1423 | B31: SL02611 | C31: Mahesh Kumar Gujjari | D31: South | E31: HYDERABAD | F31: K.Purushotham | G31: 349766 | H31: 46310 | I31: 46310 | J31: 64 | K31: =IFERROR(INDEX('Photo Review'!$W$2:$W$403,MATCH($A31&"|START",'Photo Review'!$Z$2:$Z$403,0)),"Photo missing / not downloaded") | L31: =IFERROR(INDEX('Photo Review'!$W$2:$W$403,MATCH($A31&"|END",'Photo Review'!$Z$2:$Z$403,0)),"Photo missing / not downloaded") | M31: =IF(AND(K31="Timestamp + Location",L31="Timestamp + Location"),"Compliant","NON-COMPLIANT") | N31: 8049.8 | O31: 8054.9 | P31: 5.1 | Q31: =COUNTIFS('Photo Review'!$J$2:$J$403,A31,'Photo Review'!$S$2:$S$403,"?*")
A32: 3476 | B32: SL02670 | C32: RAMAKANTA SAHU | D32: GTR05 | E32: BALANGIRI | F32: UMA SANKAR PATTANAIK | G32: 351558 | H32: 46311 | I32: 46314 | J32: 584 | K32: =IFERROR(INDEX('Photo Review'!$W$2:$W$403,MATCH($A32&"|START",'Photo Review'!$Z$2:$Z$403,0)),"Photo missing / not downloaded") | L32: =IFERROR(INDEX('Photo Review'!$W$2:$W$403,MATCH($A32&"|END",'Photo Review'!$Z$2:$Z$403,0)),"Photo missing / not downloaded") | M32: =IF(AND(K32="Timestamp + Location",L32="Timestamp + Location"),"Compliant","NON-COMPLIANT") | N32: 16540 | O32: 16554.7 | P32: 14.7 | Q32: =COUNTIFS('Photo Review'!$J$2:$J$403,A32,'Photo Review'!$S$2:$S$403,"?*")
A33: 3900 | B33: SL02671 | C33: IBRAR ALAM | D33: GTR02 | E33: EAST DELHI | F33: RAHUL GAUTAM | G33: 352100 | H33: 46312 | I33: 46316 | J33: 64 | K33: =IFERROR(INDEX('Photo Review'!$W$2:$W$403,MATCH($A33&"|START",'Photo Review'!$Z$2:$Z$403,0)),"Photo missing / not downloaded") | L33: =IFERROR(INDEX('Photo Review'!$W$2:$W$403,MATCH($A33&"|END",'Photo Review'!$Z$2:$Z$403,0)),"Photo missing / not downloaded") | M33: =IF(AND(K33="Timestamp + Location",L33="Timestamp + Location"),"Compliant","NON-COMPLIANT") | N33: 49322.9 | O33: 49373.9 | P33: 51 | Q33: =COUNTIFS('Photo Review'!$J$2:$J$403,A33,'Photo Review'!$S$2:$S$403,"?*")
A34: 232 | B34: SL02826 | C34: KIRAN KUMAR NAYAK | D34: GTR08 | E34: BANGALORE | F34: GANGADHARAM K | G34: 348314 | H34: 46307 | I34: 46307 | J34: 80 | K34: =IFERROR(INDEX('Photo Review'!$W$2:$W$403,MATCH($A34&"|START",'Photo Review'!$Z$2:$Z$403,0)),"Photo missing / not downloaded") | L34: =IFERROR(INDEX('Photo Review'!$W$2:$W$403,MATCH($A34&"|END",'Photo Review'!$Z$2:$Z$403,0)),"Photo missing / not downloaded") | M34: =IF(AND(K34="Timestamp + Location",L34="Timestamp + Location"),"Compliant","NON-COMPLIANT") | Q34: =COUNTIFS('Photo Review'!$J$2:$J$403,A34,'Photo Review'!$S$2:$S$403,"?*")
A35: 346 | B35: SL02826 | C35: KIRAN KUMAR NAYAK | D35: GTR08 | E35: BANGALORE | F35: GANGADHARAM K | G35: 348590 | H35: 46308 | I35: 46308 | J35: 72 | K35: =IFERROR(INDEX('Photo Review'!$W$2:$W$403,MATCH($A35&"|START",'Photo Review'!$Z$2:$Z$403,0)),"Photo missing / not downloaded") | L35: =IFERROR(INDEX('Photo Review'!$W$2:$W$403,MATCH($A35&"|END",'Photo Review'!$Z$2:$Z$403,0)),"Photo missing / not downloaded") | M35: =IF(AND(K35="Timestamp + Location",L35="Timestamp + Location"),"Compliant","NON-COMPLIANT") | Q35: =COUNTIFS('Photo Review'!$J$2:$J$403,A35,'Photo Review'!$S$2:$S$403,"?*")
A36: 2339 | B36: SL02826 | C36: KIRAN KUMAR NAYAK | D36: GTR08 | E36: BANGALORE | F36: GANGADHARAM K | G36: 350572 | H36: 46309 | I36: 46311 | J36: 60 | K36: =IFERROR(INDEX('Photo Review'!$W$2:$W$403,MATCH($A36&"|START",'Photo Review'!$Z$2:$Z$403,0)),"Photo missing / not downloaded") | L36: =IFERROR(INDEX('Photo Review'!$W$2:$W$403,MATCH($A36&"|END",'Photo Review'!$Z$2:$Z$403,0)),"Photo missing / not downloaded") | M36: =IF(AND(K36="Timestamp + Location",L36="Timestamp + Location"),"Compliant","NON-COMPLIANT") | Q36: =COUNTIFS('Photo Review'!$J$2:$J$403,A36,'Photo Review'!$S$2:$S$403,"?*")
A37: 2349 | B37: SL02826 | C37: KIRAN KUMAR NAYAK | D37: GTR08 | E37: BANGALORE | F37: GANGADHARAM K | G37: 350585 | H37: 46310 | I37: 46311 | J37: 92 | K37: =IFERROR(INDEX('Photo Review'!$W$2:$W$403,MATCH($A37&"|START",'Photo Review'!$Z$2:$Z$403,0)),"Photo missing / not downloaded") | L37: =IFERROR(INDEX('Photo Review'!$W$2:$W$403,MATCH($A37&"|END",'Photo Review'!$Z$2:$Z$403,0)),"Photo missing / not downloaded") | M37: =IF(AND(K37="Timestamp + Location",L37="Timestamp + Location"),"Compliant","NON-COMPLIANT") | Q37: =COUNTIFS('Photo Review'!$J$2:$J$403,A37,'Photo Review'!$S$2:$S$403,"?*")
A38: 2333 | B38: SL02826 | C38: KIRAN KUMAR NAYAK | D38: GTR08 | E38: BANGALORE | F38: GANGADHARAM K | G38: 350566 | H38: 46311 | I38: 46311 | J38: 200 | K38: =IFERROR(INDEX('Photo Review'!$W$2:$W$403,MATCH($A38&"|START",'Photo Review'!$Z$2:$Z$403,0)),"Photo missing / not downloaded") | L38: =IFERROR(INDEX('Photo Review'!$W$2:$W$403,MATCH($A38&"|END",'Photo Review'!$Z$2:$Z$403,0)),"Photo missing / not downloaded") | M38: =IF(AND(K38="Timestamp + Location",L38="Timestamp + Location"),"Compliant","NON-COMPLIANT") | N38: 58854 | O38: 58939.4 | P38: 85.4 | Q38: =COUNTIFS('Photo Review'!$J$2:$J$403,A38,'Photo Review'!$S$2:$S$403,"?*")
A39: 3635 | B39: SL02930 | C39: A. SURESH GOUD | D39: GTR07 | E39: Jadcherla | F39: B BHASKAR | G39: 351802 | H39: 46312 | I39: 46314 | J39: 192 | K39: =IFERROR(INDEX('Photo Review'!$W$2:$W$403,MATCH($A39&"|START",'Photo Review'!$Z$2:$Z$403,0)),"Photo missing / not downloaded") | L39: =IFERROR(INDEX('Photo Review'!$W$2:$W$403,MATCH($A39&"|END",'Photo Review'!$Z$2:$Z$403,0)),"Photo missing / not downloaded") | M39: =IF(AND(K39="Timestamp + Location",L39="Timestamp + Location"),"Compliant","NON-COMPLIANT") | N39: 37427 | O39: 37475.8 | P39: 48.8 | Q39: =COUNTIFS('Photo Review'!$J$2:$J$403,A39,'Photo Review'!$S$2:$S$403,"?*")
A40: 794 | B40: SL03071 | C40: Bhavana Yadav | D40: West | E40: RAIPUR | F40: POKHRAJ KUMAR SAHU | G40: 349124 | H40: 46307 | I40: 46309 | J40: 264 | K40: =IFERROR(INDEX('Photo Review'!$W$2:$W$403,MATCH($A40&"|START",'Photo Review'!$Z$2:$Z$403,0)),"Photo missing / not downloaded") | L40: =IFERROR(INDEX('Photo Review'!$W$2:$W$403,MATCH($A40&"|END",'Photo Review'!$Z$2:$Z$403,0)),"Photo missing / not downloaded") | M40: =IF(AND(K40="Timestamp + Location",L40="Timestamp + Location"),"Compliant","NON-COMPLIANT") | N40: 5259.9 | O40: 5270 | P40: 10.1 | Q40: =COUNTIFS('Photo Review'!$J$2:$J$403,A40,'Photo Review'!$S$2:$S$403,"?*")
A41: 796 | B41: SL03071 | C41: Bhavana Yadav | D41: West | E41: RAIPUR | F41: POKHRAJ KUMAR SAHU | G41: 349125 | H41: 46308 | I41: 46309 | J41: 24 | K41: =IFERROR(INDEX('Photo Review'!$W$2:$W$403,MATCH($A41&"|START",'Photo Review'!$Z$2:$Z$403,0)),"Photo missing / not downloaded") | L41: =IFERROR(INDEX('Photo Review'!$W$2:$W$403,MATCH($A41&"|END",'Photo Review'!$Z$2:$Z$403,0)),"Photo missing / not downloaded") | M41: =IF(AND(K41="Timestamp + Location",L41="Timestamp + Location"),"Compliant","NON-COMPLIANT") | N41: 52702.9 | O41: 52743 | P41: 40.1 | Q41: =COUNTIFS('Photo Review'!$J$2:$J$403,A41,'Photo Review'!$S$2:$S$403,"?*")
A42: 2495 | B42: SL03071 | C42: Bhavana Yadav | D42: West | E42: RAIPUR | F42: POKHRAJ KUMAR SAHU | G42: 350703 | H42: 46311 | I42: 46312 | J42: 20 | K42: =IFERROR(INDEX('Photo Review'!$W$2:$W$403,MATCH($A42&"|START",'Photo Review'!$Z$2:$Z$403,0)),"Photo missing / not downloaded") | L42: =IFERROR(INDEX('Photo Review'!$W$2:$W$403,MATCH($A42&"|END",'Photo Review'!$Z$2:$Z$403,0)),"Photo missing / not downloaded") | M42: =IF(AND(K42="Timestamp + Location",L42="Timestamp + Location"),"Compliant","NON-COMPLIANT") | N42: 5281 | O42: 5285 | P42: 4 | Q42: =COUNTIFS('Photo Review'!$J$2:$J$403,A42,'Photo Review'!$S$2:$S$403,"?*")
A43: 4150 | B43: SL03290 | C43: MILI AHIRWAR | D43: East | E43: Bhopal | F43: POKHRAJ KUMAR SAHU | G43: 352627 | H43: 46311 | I43: 46317 | J43: 292 | K43: =IFERROR(INDEX('Photo Review'!$W$2:$W$403,MATCH($A43&"|START",'Photo Review'!$Z$2:$Z$403,0)),"Photo missing / not downloaded") | L43: =IFERROR(INDEX('Photo Review'!$W$2:$W$403,MATCH($A43&"|END",'Photo Review'!$Z$2:$Z$403,0)),"Photo missing / not downloaded") | M43: =IF(AND(K43="Timestamp + Location",L43="Timestamp + Location"),"Compliant","NON-COMPLIANT") | N43: 27325 | O43: 27433.2 | P43: 108.2 | Q43: =COUNTIFS('Photo Review'!$J$2:$J$403,A43,'Photo Review'!$S$2:$S$403,"?*")
A44: 3024 | B44: SL03532 | C44: SURENDRAN R | D44: South | E44: CHENNAI | F44: Gouri Shankar | G44: 351131 | H44: 46308 | I44: 46312 | J44: 192 | K44: =IFERROR(INDEX('Photo Review'!$W$2:$W$403,MATCH($A44&"|START",'Photo Review'!$Z$2:$Z$403,0)),"Photo missing / not downloaded") | L44: =IFERROR(INDEX('Photo Review'!$W$2:$W$403,MATCH($A44&"|END",'Photo Review'!$Z$2:$Z$403,0)),"Photo missing / not downloaded") | M44: =IF(AND(K44="Timestamp + Location",L44="Timestamp + Location"),"Compliant","NON-COMPLIANT") | Q44: =COUNTIFS('Photo Review'!$J$2:$J$403,A44,'Photo Review'!$S$2:$S$403,"?*")
A45: 313 | B45: SL03612 | C45: RAJ KUMAR PAL | D45: GTR03 A | E45: LUCKNOW | F45: SAURABH JAISWAL | G45: 348531 | H45: 46307 | I45: 46307 | J45: 232 | K45: =IFERROR(INDEX('Photo Review'!$W$2:$W$403,MATCH($A45&"|START",'Photo Review'!$Z$2:$Z$403,0)),"Photo missing / not downloaded") | L45: =IFERROR(INDEX('Photo Review'!$W$2:$W$403,MATCH($A45&"|END",'Photo Review'!$Z$2:$Z$403,0)),"Photo missing / not downloaded") | M45: =IF(AND(K45="Timestamp + Location",L45="Timestamp + Location"),"Compliant","NON-COMPLIANT") | Q45: =COUNTIFS('Photo Review'!$J$2:$J$403,A45,'Photo Review'!$S$2:$S$403,"?*")
A46: 664 | B46: SL03612 | C46: RAJ KUMAR PAL | D46: GTR03 A | E46: LUCKNOW | F46: SAURABH JAISWAL | G46: 348958 | H46: 46308 | I46: 46308 | J46: 116 | K46: =IFERROR(INDEX('Photo Review'!$W$2:$W$403,MATCH($A46&"|START",'Photo Review'!$Z$2:$Z$403,0)),"Photo missing / not downloaded") | L46: =IFERROR(INDEX('Photo Review'!$W$2:$W$403,MATCH($A46&"|END",'Photo Review'!$Z$2:$Z$403,0)),"Photo missing / not downloaded") | M46: =IF(AND(K46="Timestamp + Location",L46="Timestamp + Location"),"Compliant","NON-COMPLIANT") | N46: 44456 | O46: 44520.6 | P46: 64.6 | Q46: =COUNTIFS('Photo Review'!$J$2:$J$403,A46,'Photo Review'!$S$2:$S$403,"?*")
A47: 1235 | B47: SL03612 | C47: RAJ KUMAR PAL | D47: GTR03 A | E47: LUCKNOW | F47: SAURABH JAISWAL | G47: 349585 | H47: 46309 | I47: 46309 | J47: 148 | K47: =IFERROR(INDEX('Photo Review'!$W$2:$W$403,MATCH($A47&"|START",'Photo Review'!$Z$2:$Z$403,0)),"Photo missing / not downloaded") | L47: =IFERROR(INDEX('Photo Review'!$W$2:$W$403,MATCH($A47&"|END",'Photo Review'!$Z$2:$Z$403,0)),"Photo missing / not downloaded") | M47: =IF(AND(K47="Timestamp + Location",L47="Timestamp + Location"),"Compliant","NON-COMPLIANT") | N47: 4452.6 | O47: 4459.8 | P47: 7.2 | Q47: =COUNTIFS('Photo Review'!$J$2:$J$403,A47,'Photo Review'!$S$2:$S$403,"?*")
A48: 1798 | B48: SL03612 | C48: RAJ KUMAR PAL | D48: GTR03 A | E48: LUCKNOW | F48: SAURABH JAISWAL | G48: 350092 | H48: 46310 | I48: 46311 | J48: 152 | K48: =IFERROR(INDEX('Photo Review'!$W$2:$W$403,MATCH($A48&"|START",'Photo Review'!$Z$2:$Z$403,0)),"Photo missing / not downloaded") | L48: =IFERROR(INDEX('Photo Review'!$W$2:$W$403,MATCH($A48&"|END",'Photo Review'!$Z$2:$Z$403,0)),"Photo missing / not downloaded") | M48: =IF(AND(K48="Timestamp + Location",L48="Timestamp + Location"),"Compliant","NON-COMPLIANT") | N48: 4459.8 | O48: 4463.6 | P48: 3.8 | Q48: =COUNTIFS('Photo Review'!$J$2:$J$403,A48,'Photo Review'!$S$2:$S$403,"?*")
A49: 2452 | B49: SL03612 | C49: RAJ KUMAR PAL | D49: GTR03 A | E49: LUCKNOW | F49: SAURABH JAISWAL | G49: 350663 | H49: 46311 | I49: 46312 | J49: 136 | K49: =IFERROR(INDEX('Photo Review'!$W$2:$W$403,MATCH($A49&"|START",'Photo Review'!$Z$2:$Z$403,0)),"Photo missing / not downloaded") | L49: =IFERROR(INDEX('Photo Review'!$W$2:$W$403,MATCH($A49&"|END",'Photo Review'!$Z$2:$Z$403,0)),"Photo missing / not downloaded") | M49: =IF(AND(K49="Timestamp + Location",L49="Timestamp + Location"),"Compliant","NON-COMPLIANT") | N49: 44636.4 | O49: 44710 | P49: 73.6 | Q49: =COUNTIFS('Photo Review'!$J$2:$J$403,A49,'Photo Review'!$S$2:$S$403,"?*")
A50: 2897 | B50: SL03612 | C50: RAJ KUMAR PAL | D50: GTR03 A | E50: LUCKNOW | F50: SAURABH JAISWAL | G50: 351027 | H50: 46312 | I50: 46312 | J50: 120 | K50: =IFERROR(INDEX('Photo Review'!$W$2:$W$403,MATCH($A50&"|START",'Photo Review'!$Z$2:$Z$403,0)),"Photo missing / not downloaded") | L50: =IFERROR(INDEX('Photo Review'!$W$2:$W$403,MATCH($A50&"|END",'Photo Review'!$Z$2:$Z$403,0)),"Photo missing / not downloaded") | M50: =IF(AND(K50="Timestamp + Location",L50="Timestamp + Location"),"Compliant","NON-COMPLIANT") | N50: 6070 | O50: 6070 | P50: 0 | Q50: =COUNTIFS('Photo Review'!$J$2:$J$403,A50,'Photo Review'!$S$2:$S$403,"?*")
A51: 1002 | B51: SL03702 | C51: MASTR ANSARI VASIMAEHNAD | D51: GTR06 B | E51: VADODARA | F51: DEEPAK TUKARAM DESHMUKH | G51: 349347 | H51: 46308 | I51: 46309 | J51: 164 | K51: =IFERROR(INDEX('Photo Review'!$W$2:$W$403,MATCH($A51&"|START",'Photo Review'!$Z$2:$Z$403,0)),"Photo missing / not downloaded") | L51: =IFERROR(INDEX('Photo Review'!$W$2:$W$403,MATCH($A51&"|END",'Photo Review'!$Z$2:$Z$403,0)),"Photo missing / not downloaded") | M51: =IF(AND(K51="Timestamp + Location",L51="Timestamp + Location"),"Compliant","NON-COMPLIANT") | N51: 52428.8 | O51: 52504 | P51: 75.2 | Q51: =COUNTIFS('Photo Review'!$J$2:$J$403,A51,'Photo Review'!$S$2:$S$403,"?*")
A52: 1513 | B52: SL03702 | C52: MASTR ANSARI VASIMAEHNAD | D52: GTR06 B | E52: VADODARA | F52: DEEPAK TUKARAM DESHMUKH | G52: 349841 | H52: 46309 | I52: 46310 | J52: 188 | K52: =IFERROR(INDEX('Photo Review'!$W$2:$W$403,MATCH($A52&"|START",'Photo Review'!$Z$2:$Z$403,0)),"Photo missing / not downloaded") | L52: =IFERROR(INDEX('Photo Review'!$W$2:$W$403,MATCH($A52&"|END",'Photo Review'!$Z$2:$Z$403,0)),"Photo missing / not downloaded") | M52: =IF(AND(K52="Timestamp + Location",L52="Timestamp + Location"),"Compliant","NON-COMPLIANT") | N52: 52504 | O52: 52586.7 | P52: 82.7 | Q52: =COUNTIFS('Photo Review'!$J$2:$J$403,A52,'Photo Review'!$S$2:$S$403,"?*")
A53: 1516 | B53: SL03702 | C53: MASTR ANSARI VASIMAEHNAD | D53: GTR06 B | E53: VADODARA | F53: DEEPAK TUKARAM DESHMUKH | G53: 349844 | H53: 46310 | I53: 46310 | J53: 240 | K53: =IFERROR(INDEX('Photo Review'!$W$2:$W$403,MATCH($A53&"|START",'Photo Review'!$Z$2:$Z$403,0)),"Photo missing / not downloaded") | L53: =IFERROR(INDEX('Photo Review'!$W$2:$W$403,MATCH($A53&"|END",'Photo Review'!$Z$2:$Z$403,0)),"Photo missing / not downloaded") | M53: =IF(AND(K53="Timestamp + Location",L53="Timestamp + Location"),"Compliant","NON-COMPLIANT") | Q53: =COUNTIFS('Photo Review'!$J$2:$J$403,A53,'Photo Review'!$S$2:$S$403,"?*")
A54: 1081 | B54: SL03708 | C54: ARUMANI M | D54: GTR09 | E54: CHENNAI | F54: Saravanan N | G54: 349430 | H54: 46309 | I54: 46309 | J54: 316 | K54: =IFERROR(INDEX('Photo Review'!$W$2:$W$403,MATCH($A54&"|START",'Photo Review'!$Z$2:$Z$403,0)),"Photo missing / not downloaded") | L54: =IFERROR(INDEX('Photo Review'!$W$2:$W$403,MATCH($A54&"|END",'Photo Review'!$Z$2:$Z$403,0)),"Photo missing / not downloaded") | M54: =IF(AND(K54="Timestamp + Location",L54="Timestamp + Location"),"Compliant","NON-COMPLIANT") | N54: 5347.4 | O54: 5358.8 | P54: 11.4 | Q54: =COUNTIFS('Photo Review'!$J$2:$J$403,A54,'Photo Review'!$S$2:$S$403,"?*")
A55: 1848 | B55: SL03708 | C55: ARUMANI M | D55: GTR09 | E55: CHENNAI | F55: Saravanan N | G55: 350135 | H55: 46310 | I55: 46311 | J55: 260 | K55: =IFERROR(INDEX('Photo Review'!$W$2:$W$403,MATCH($A55&"|START",'Photo Review'!$Z$2:$Z$403,0)),"Photo missing / not downloaded") | L55: =IFERROR(INDEX('Photo Review'!$W$2:$W$403,MATCH($A55&"|END",'Photo Review'!$Z$2:$Z$403,0)),"Photo missing / not downloaded") | M55: =IF(AND(K55="Timestamp + Location",L55="Timestamp + Location"),"Compliant","NON-COMPLIANT") | Q55: =COUNTIFS('Photo Review'!$J$2:$J$403,A55,'Photo Review'!$S$2:$S$403,"?*")
A56: 125 | B56: SL03855 | C56: PRAVEEN SHARMA | D56: GTR02 | E56: JAIPUR | F56: VINAY SHARMA | G56: 348160 | H56: 46307 | I56: 46307 | J56: 60 | K56: =IFERROR(INDEX('Photo Review'!$W$2:$W$403,MATCH($A56&"|START",'Photo Review'!$Z$2:$Z$403,0)),"Photo missing / not downloaded") | L56: =IFERROR(INDEX('Photo Review'!$W$2:$W$403,MATCH($A56&"|END",'Photo Review'!$Z$2:$Z$403,0)),"Photo missing / not downloaded") | M56: =IF(AND(K56="Timestamp + Location",L56="Timestamp + Location"),"Compliant","NON-COMPLIANT") | N56: 5773.9 | O56: 5778 | P56: 4.1 | Q56: =COUNTIFS('Photo Review'!$J$2:$J$403,A56,'Photo Review'!$S$2:$S$403,"?*")
A57: 567 | B57: SL03855 | C57: PRAVEEN SHARMA | D57: GTR02 | E57: JAIPUR | F57: VINAY SHARMA | G57: 348848 | H57: 46308 | I57: 46308 | J57: 64 | K57: =IFERROR(INDEX('Photo Review'!$W$2:$W$403,MATCH($A57&"|START",'Photo Review'!$Z$2:$Z$403,0)),"Photo missing / not downloaded") | L57: =IFERROR(INDEX('Photo Review'!$W$2:$W$403,MATCH($A57&"|END",'Photo Review'!$Z$2:$Z$403,0)),"Photo missing / not downloaded") | M57: =IF(AND(K57="Timestamp + Location",L57="Timestamp + Location"),"Compliant","NON-COMPLIANT") | N57: 5779.1 | O57: 5784 | P57: 4.9 | Q57: =COUNTIFS('Photo Review'!$J$2:$J$403,A57,'Photo Review'!$S$2:$S$403,"?*")
A58: 1034 | B58: SL03855 | C58: PRAVEEN SHARMA | D58: GTR02 | E58: JAIPUR | F58: VINAY SHARMA | G58: 349379 | H58: 46309 | I58: 46309 | J58: 60 | K58: =IFERROR(INDEX('Photo Review'!$W$2:$W$403,MATCH($A58&"|START",'Photo Review'!$Z$2:$Z$403,0)),"Photo missing / not downloaded") | L58: =IFERROR(INDEX('Photo Review'!$W$2:$W$403,MATCH($A58&"|END",'Photo Review'!$Z$2:$Z$403,0)),"Photo missing / not downloaded") | M58: =IF(AND(K58="Timestamp + Location",L58="Timestamp + Location"),"Compliant","NON-COMPLIANT") | N58: 57850.9 | O58: 57900 | P58: 49.1 | Q58: =COUNTIFS('Photo Review'!$J$2:$J$403,A58,'Photo Review'!$S$2:$S$403,"?*")
A59: 1438 | B59: SL03855 | C59: PRAVEEN SHARMA | D59: GTR02 | E59: JAIPUR | F59: VINAY SHARMA | G59: 349779 | H59: 46310 | I59: 46310 | J59: 32 | K59: =IFERROR(INDEX('Photo Review'!$W$2:$W$403,MATCH($A59&"|START",'Photo Review'!$Z$2:$Z$403,0)),"Photo missing / not downloaded") | L59: =IFERROR(INDEX('Photo Review'!$W$2:$W$403,MATCH($A59&"|END",'Photo Review'!$Z$2:$Z$403,0)),"Photo missing / not downloaded") | M59: =IF(AND(K59="Timestamp + Location",L59="Timestamp + Location"),"Compliant","NON-COMPLIANT") | N59: 5790.5 | O59: 5794.8 | P59: 4.3 | Q59: =COUNTIFS('Photo Review'!$J$2:$J$403,A59,'Photo Review'!$S$2:$S$403,"?*")
A60: 2034 | B60: SL03855 | C60: PRAVEEN SHARMA | D60: GTR02 | E60: JAIPUR | F60: VINAY SHARMA | G60: 350301 | H60: 46311 | I60: 46311 | J60: 136 | K60: =IFERROR(INDEX('Photo Review'!$W$2:$W$403,MATCH($A60&"|START",'Photo Review'!$Z$2:$Z$403,0)),"Photo missing / not downloaded") | L60: =IFERROR(INDEX('Photo Review'!$W$2:$W$403,MATCH($A60&"|END",'Photo Review'!$Z$2:$Z$403,0)),"Photo missing / not downloaded") | M60: =IF(AND(K60="Timestamp + Location",L60="Timestamp + Location"),"Compliant","NON-COMPLIANT") | N60: 5795.1 | O60: 5802 | P60: 6.9 | Q60: =COUNTIFS('Photo Review'!$J$2:$J$403,A60,'Photo Review'!$S$2:$S$403,"?*")
A61: 2727 | B61: SL03855 | C61: PRAVEEN SHARMA | D61: GTR02 | E61: JAIPUR | F61: VINAY SHARMA | G61: 350887 | H61: 46312 | I61: 46312 | J61: 72 | K61: =IFERROR(INDEX('Photo Review'!$W$2:$W$403,MATCH($A61&"|START",'Photo Review'!$Z$2:$Z$403,0)),"Photo missing / not downloaded") | L61: =IFERROR(INDEX('Photo Review'!$W$2:$W$403,MATCH($A61&"|END",'Photo Review'!$Z$2:$Z$403,0)),"Photo missing / not downloaded") | M61: =IF(AND(K61="Timestamp + Location",L61="Timestamp + Location"),"Compliant","NON-COMPLIANT") | N61: 5802.2 | O61: 5807.5 | P61: 5.3 | Q61: =COUNTIFS('Photo Review'!$J$2:$J$403,A61,'Photo Review'!$S$2:$S$403,"?*")
A62: 553 | B62: SL03991 | C62: BHATTARU SETTI RAMESH | D62: GTR07 | E62: HYDERABAD | F62: SHIVAKANTH SAPA | G62: 348833 | H62: 46308 | I62: 46308 | J62: 112 | K62: =IFERROR(INDEX('Photo Review'!$W$2:$W$403,MATCH($A62&"|START",'Photo Review'!$Z$2:$Z$403,0)),"Photo missing / not downloaded") | L62: =IFERROR(INDEX('Photo Review'!$W$2:$W$403,MATCH($A62&"|END",'Photo Review'!$Z$2:$Z$403,0)),"Photo missing / not downloaded") | M62: =IF(AND(K62="Timestamp + Location",L62="Timestamp + Location"),"Compliant","NON-COMPLIANT") | Q62: =COUNTIFS('Photo Review'!$J$2:$J$403,A62,'Photo Review'!$S$2:$S$403,"?*")
A63: 2132 | B63: SL03991 | C63: BHATTARU SETTI RAMESH | D63: GTR07 | E63: HYDERABAD | F63: SHIVAKANTH SAPA | G63: 350391 | H63: 46311 | I63: 46311 | J63: 64 | K63: =IFERROR(INDEX('Photo Review'!$W$2:$W$403,MATCH($A63&"|START",'Photo Review'!$Z$2:$Z$403,0)),"Photo missing / not downloaded") | L63: =IFERROR(INDEX('Photo Review'!$W$2:$W$403,MATCH($A63&"|END",'Photo Review'!$Z$2:$Z$403,0)),"Photo missing / not downloaded") | M63: =IF(AND(K63="Timestamp + Location",L63="Timestamp + Location"),"Compliant","NON-COMPLIANT") | Q63: =COUNTIFS('Photo Review'!$J$2:$J$403,A63,'Photo Review'!$S$2:$S$403,"?*")
A64: 415 | B64: SL04004 | C64: PINKU KUMAR CHOUDHARI | D64: GTR04 B | E64: DEOGHAR | F64: AMIT KUMAR SINHA | G64: 348685 | H64: 46307 | I64: 46308 | J64: 300 | K64: =IFERROR(INDEX('Photo Review'!$W$2:$W$403,MATCH($A64&"|START",'Photo Review'!$Z$2:$Z$403,0)),"Photo missing / not downloaded") | L64: =IFERROR(INDEX('Photo Review'!$W$2:$W$403,MATCH($A64&"|END",'Photo Review'!$Z$2:$Z$403,0)),"Photo missing / not downloaded") | M64: =IF(AND(K64="Timestamp + Location",L64="Timestamp + Location"),"Compliant","NON-COMPLIANT") | Q64: =COUNTIFS('Photo Review'!$J$2:$J$403,A64,'Photo Review'!$S$2:$S$403,"?*")
A65: 1571 | B65: SL04004 | C65: PINKU KUMAR CHOUDHARI | D65: GTR04 B | E65: DEOGHAR | F65: AMIT KUMAR SINHA | G65: 349893 | H65: 46310 | I65: 46310 | J65: 208 | K65: =IFERROR(INDEX('Photo Review'!$W$2:$W$403,MATCH($A65&"|START",'Photo Review'!$Z$2:$Z$403,0)),"Photo missing / not downloaded") | L65: =IFERROR(INDEX('Photo Review'!$W$2:$W$403,MATCH($A65&"|END",'Photo Review'!$Z$2:$Z$403,0)),"Photo missing / not downloaded") | M65: =IF(AND(K65="Timestamp + Location",L65="Timestamp + Location"),"Compliant","NON-COMPLIANT") | N65: 9647.3 | O65: 9656 | P65: 8.7 | Q65: =COUNTIFS('Photo Review'!$J$2:$J$403,A65,'Photo Review'!$S$2:$S$403,"?*")
A66: 3708 | B66: SL04004 | C66: PINKU KUMAR CHOUDHARI | D66: GTR04 B | E66: DEOGHAR | F66: AMIT KUMAR SINHA | G66: 351883 | H66: 46312 | I66: 46315 | J66: 124 | K66: =IFERROR(INDEX('Photo Review'!$W$2:$W$403,MATCH($A66&"|START",'Photo Review'!$Z$2:$Z$403,0)),"Photo missing / not downloaded") | L66: =IFERROR(INDEX('Photo Review'!$W$2:$W$403,MATCH($A66&"|END",'Photo Review'!$Z$2:$Z$403,0)),"Photo missing / not downloaded") | M66: =IF(AND(K66="Timestamp + Location",L66="Timestamp + Location"),"Compliant","NON-COMPLIANT") | N66: 9669.6 | O66: 9676.2 | P66: 6.6 | Q66: =COUNTIFS('Photo Review'!$J$2:$J$403,A66,'Photo Review'!$S$2:$S$403,"?*")
A67: 1048 | B67: SL04087 | C67: GANGADHARAM K | D67: GTR08 | E67: Bangalore | F67: REVANASIDDAPPA | G67: 349398 | H67: 46309 | I67: 46309 | J67: 76 | K67: =IFERROR(INDEX('Photo Review'!$W$2:$W$403,MATCH($A67&"|START",'Photo Review'!$Z$2:$Z$403,0)),"Photo missing / not downloaded") | L67: =IFERROR(INDEX('Photo Review'!$W$2:$W$403,MATCH($A67&"|END",'Photo Review'!$Z$2:$Z$403,0)),"Photo missing / not downloaded") | M67: =IF(AND(K67="Timestamp + Location",L67="Timestamp + Location"),"Compliant","NON-COMPLIANT") | Q67: =COUNTIFS('Photo Review'!$J$2:$J$403,A67,'Photo Review'!$S$2:$S$403,"?*")
A68: 2183 | B68: SL04087 | C68: GANGADHARAM K | D68: GTR08 | E68: Bangalore | F68: REVANASIDDAPPA | G68: 350439 | H68: 46311 | I68: 46311 | J68: 40 | K68: =IFERROR(INDEX('Photo Review'!$W$2:$W$403,MATCH($A68&"|START",'Photo Review'!$Z$2:$Z$403,0)),"Photo missing / not downloaded") | L68: =IFERROR(INDEX('Photo Review'!$W$2:$W$403,MATCH($A68&"|END",'Photo Review'!$Z$2:$Z$403,0)),"Photo missing / not downloaded") | M68: =IF(AND(K68="Timestamp + Location",L68="Timestamp + Location"),"Compliant","NON-COMPLIANT") | Q68: =COUNTIFS('Photo Review'!$J$2:$J$403,A68,'Photo Review'!$S$2:$S$403,"?*")
A69: 143 | B69: SL04109 | C69: Medudula Santhosh Kumar | D69: GTR07 | E69: Hyderabad | F69: SHIVAKANTH SAPA | G69: 348182 | H69: 46307 | I69: 46307 | J69: 20 | K69: =IFERROR(INDEX('Photo Review'!$W$2:$W$403,MATCH($A69&"|START",'Photo Review'!$Z$2:$Z$403,0)),"Photo missing / not downloaded") | L69: =IFERROR(INDEX('Photo Review'!$W$2:$W$403,MATCH($A69&"|END",'Photo Review'!$Z$2:$Z$403,0)),"Photo missing / not downloaded") | M69: =IF(AND(K69="Timestamp + Location",L69="Timestamp + Location"),"Compliant","NON-COMPLIANT") | Q69: =COUNTIFS('Photo Review'!$J$2:$J$403,A69,'Photo Review'!$S$2:$S$403,"?*")
A70: 982 | B70: SL04109 | C70: Medudula Santhosh Kumar | D70: GTR07 | E70: Hyderabad | F70: SHIVAKANTH SAPA | G70: 349330 | H70: 46309 | I70: 46309 | J70: 168 | K70: =IFERROR(INDEX('Photo Review'!$W$2:$W$403,MATCH($A70&"|START",'Photo Review'!$Z$2:$Z$403,0)),"Photo missing / not downloaded") | L70: =IFERROR(INDEX('Photo Review'!$W$2:$W$403,MATCH($A70&"|END",'Photo Review'!$Z$2:$Z$403,0)),"Photo missing / not downloaded") | M70: =IF(AND(K70="Timestamp + Location",L70="Timestamp + Location"),"Compliant","NON-COMPLIANT") | Q70: =COUNTIFS('Photo Review'!$J$2:$J$403,A70,'Photo Review'!$S$2:$S$403,"?*")
A71: 2017 | B71: SL04109 | C71: Medudula Santhosh Kumar | D71: GTR07 | E71: Hyderabad | F71: SHIVAKANTH SAPA | G71: 350288 | H71: 46311 | I71: 46311 | J71: 56 | K71: =IFERROR(INDEX('Photo Review'!$W$2:$W$403,MATCH($A71&"|START",'Photo Review'!$Z$2:$Z$403,0)),"Photo missing / not downloaded") | L71: =IFERROR(INDEX('Photo Review'!$W$2:$W$403,MATCH($A71&"|END",'Photo Review'!$Z$2:$Z$403,0)),"Photo missing / not downloaded") | M71: =IF(AND(K71="Timestamp + Location",L71="Timestamp + Location"),"Compliant","NON-COMPLIANT") | Q71: =COUNTIFS('Photo Review'!$J$2:$J$403,A71,'Photo Review'!$S$2:$S$403,"?*")
A72: 667 | B72: SL04125 | C72: ARVIND KUMAR DUBEY | D72: GTR02 | E72: NORTH AND EAST DELHI | F72: RAHUL GAUTAM | G72: 348963 | H72: 46308 | I72: 46308 | J72: 492 | K72: =IFERROR(INDEX('Photo Review'!$W$2:$W$403,MATCH($A72&"|START",'Photo Review'!$Z$2:$Z$403,0)),"Photo missing / not downloaded") | L72: =IFERROR(INDEX('Photo Review'!$W$2:$W$403,MATCH($A72&"|END",'Photo Review'!$Z$2:$Z$403,0)),"Photo missing / not downloaded") | M72: =IF(AND(K72="Timestamp + Location",L72="Timestamp + Location"),"Compliant","NON-COMPLIANT") | N72: 5672.2 | O72: 5830.1 | P72: 157.9 | Q72: =COUNTIFS('Photo Review'!$J$2:$J$403,A72,'Photo Review'!$S$2:$S$403,"?*")
A73: 2127 | B73: SL04125 | C73: ARVIND KUMAR DUBEY | D73: GTR02 | E73: NORTH AND EAST DELHI | F73: RAHUL GAUTAM | G73: 350388 | H73: 46311 | I73: 46311 | J73: 200 | K73: =IFERROR(INDEX('Photo Review'!$W$2:$W$403,MATCH($A73&"|START",'Photo Review'!$Z$2:$Z$403,0)),"Photo missing / not downloaded") | L73: =IFERROR(INDEX('Photo Review'!$W$2:$W$403,MATCH($A73&"|END",'Photo Review'!$Z$2:$Z$403,0)),"Photo missing / not downloaded") | M73: =IF(AND(K73="Timestamp + Location",L73="Timestamp + Location"),"Compliant","NON-COMPLIANT") | N73: 5830.1 | O73: 5915 | P73: 84.9 | Q73: =COUNTIFS('Photo Review'!$J$2:$J$403,A73,'Photo Review'!$S$2:$S$403,"?*")
A74: 3038 | B74: SL04125 | C74: ARVIND KUMAR DUBEY | D74: GTR02 | E74: NORTH AND EAST DELHI | F74: RAHUL GAUTAM | G74: 351144 | H74: 46312 | I74: 46312 | J74: 292 | K74: =IFERROR(INDEX('Photo Review'!$W$2:$W$403,MATCH($A74&"|START",'Photo Review'!$Z$2:$Z$403,0)),"Photo missing / not downloaded") | L74: =IFERROR(INDEX('Photo Review'!$W$2:$W$403,MATCH($A74&"|END",'Photo Review'!$Z$2:$Z$403,0)),"Photo missing / not downloaded") | M74: =IF(AND(K74="Timestamp + Location",L74="Timestamp + Location"),"Compliant","NON-COMPLIANT") | N74: 5915 | O74: 6023 | P74: 108 | Q74: =COUNTIFS('Photo Review'!$J$2:$J$403,A74,'Photo Review'!$S$2:$S$403,"?*")
A75: 4120 | B75: SL04130 | C75: RAJESH KUMAR SHARMA | D75: GTR01 | E75: Bilaspur | F75: MOHINDER SHARMA | G75: 352577 | H75: 46311 | I75: 46317 | J75: 316 | K75: =IFERROR(INDEX('Photo Review'!$W$2:$W$403,MATCH($A75&"|START",'Photo Review'!$Z$2:$Z$403,0)),"Photo missing / not downloaded") | L75: =IFERROR(INDEX('Photo Review'!$W$2:$W$403,MATCH($A75&"|END",'Photo Review'!$Z$2:$Z$403,0)),"Photo missing / not downloaded") | M75: =IF(AND(K75="Timestamp + Location",L75="Timestamp + Location"),"Compliant","NON-COMPLIANT") | Q75: =COUNTIFS('Photo Review'!$J$2:$J$403,A75,'Photo Review'!$S$2:$S$403,"?*")
A76: 152 | B76: SL04134 | C76: Babu Madhanagiriyappa | D76: GTR08 | E76: Bangalore | F76: P VIJAY KUMAR | G76: 348191 | H76: 46307 | I76: 46307 | J76: 268 | K76: =IFERROR(INDEX('Photo Review'!$W$2:$W$403,MATCH($A76&"|START",'Photo Review'!$Z$2:$Z$403,0)),"Photo missing / not downloaded") | L76: =IFERROR(INDEX('Photo Review'!$W$2:$W$403,MATCH($A76&"|END",'Photo Review'!$Z$2:$Z$403,0)),"Photo missing / not downloaded") | M76: =IF(AND(K76="Timestamp + Location",L76="Timestamp + Location"),"Compliant","NON-COMPLIANT") | N76: 18303.9 | O76: 18405 | P76: 101.1 | Q76: =COUNTIFS('Photo Review'!$J$2:$J$403,A76,'Photo Review'!$S$2:$S$403,"?*")
A77: 615 | B77: SL04134 | C77: Babu Madhanagiriyappa | D77: GTR08 | E77: Bangalore | F77: P VIJAY KUMAR | G77: 348914 | H77: 46308 | I77: 46308 | J77: 232 | K77: =IFERROR(INDEX('Photo Review'!$W$2:$W$403,MATCH($A77&"|START",'Photo Review'!$Z$2:$Z$403,0)),"Photo missing / not downloaded") | L77: =IFERROR(INDEX('Photo Review'!$W$2:$W$403,MATCH($A77&"|END",'Photo Review'!$Z$2:$Z$403,0)),"Photo missing / not downloaded") | M77: =IF(AND(K77="Timestamp + Location",L77="Timestamp + Location"),"Compliant","NON-COMPLIANT") | N77: 7080 | O77: 7080 | P77: 0 | Q77: =COUNTIFS('Photo Review'!$J$2:$J$403,A77,'Photo Review'!$S$2:$S$403,"?*")
A78: 1009 | B78: SL04134 | C78: Babu Madhanagiriyappa | D78: GTR08 | E78: Bangalore | F78: P VIJAY KUMAR | G78: 349353 | H78: 46309 | I78: 46309 | J78: 128 | K78: =IFERROR(INDEX('Photo Review'!$W$2:$W$403,MATCH($A78&"|START",'Photo Review'!$Z$2:$Z$403,0)),"Photo missing / not downloaded") | L78: =IFERROR(INDEX('Photo Review'!$W$2:$W$403,MATCH($A78&"|END",'Photo Review'!$Z$2:$Z$403,0)),"Photo missing / not downloaded") | M78: =IF(AND(K78="Timestamp + Location",L78="Timestamp + Location"),"Compliant","NON-COMPLIANT") | N78: 18498.1 | O78: 18565.4 | P78: 67.3 | Q78: =COUNTIFS('Photo Review'!$J$2:$J$403,A78,'Photo Review'!$S$2:$S$403,"?*")
A79: 1583 | B79: SL04134 | C79: Babu Madhanagiriyappa | D79: GTR08 | E79: Bangalore | F79: P VIJAY KUMAR | G79: 349904 | H79: 46310 | I79: 46310 | J79: 192 | K79: =IFERROR(INDEX('Photo Review'!$W$2:$W$403,MATCH($A79&"|START",'Photo Review'!$Z$2:$Z$403,0)),"Photo missing / not downloaded") | L79: =IFERROR(INDEX('Photo Review'!$W$2:$W$403,MATCH($A79&"|END",'Photo Review'!$Z$2:$Z$403,0)),"Photo missing / not downloaded") | M79: =IF(AND(K79="Timestamp + Location",L79="Timestamp + Location"),"Compliant","NON-COMPLIANT") | N79: 18569.5 | O79: 18652 | P79: 82.5 | Q79: =COUNTIFS('Photo Review'!$J$2:$J$403,A79,'Photo Review'!$S$2:$S$403,"?*")
A80: 2022 | B80: SL04134 | C80: Babu Madhanagiriyappa | D80: GTR08 | E80: Bangalore | F80: P VIJAY KUMAR | G80: 350292 | H80: 46311 | I80: 46311 | J80: 120 | K80: =IFERROR(INDEX('Photo Review'!$W$2:$W$403,MATCH($A80&"|START",'Photo Review'!$Z$2:$Z$403,0)),"Photo missing / not downloaded") | L80: =IFERROR(INDEX('Photo Review'!$W$2:$W$403,MATCH($A80&"|END",'Photo Review'!$Z$2:$Z$403,0)),"Photo missing / not downloaded") | M80: =IF(AND(K80="Timestamp + Location",L80="Timestamp + Location"),"Compliant","NON-COMPLIANT") | N80: 18658.1 | O80: 18723 | P80: 64.9 | Q80: =COUNTIFS('Photo Review'!$J$2:$J$403,A80,'Photo Review'!$S$2:$S$403,"?*")
A81: 3776 | B81: SL04150 | C81: SUBHASH GANESH MANDVE | D81: West | E81: NAGPUR | F81: POKHRAJ KUMAR SAHU | G81: 351967 | H81: 46310 | I81: 46315 | J81: 464 | K81: =IFERROR(INDEX('Photo Review'!$W$2:$W$403,MATCH($A81&"|START",'Photo Review'!$Z$2:$Z$403,0)),"Photo missing / not downloaded") | L81: =IFERROR(INDEX('Photo Review'!$W$2:$W$403,MATCH($A81&"|END",'Photo Review'!$Z$2:$Z$403,0)),"Photo missing / not downloaded") | M81: =IF(AND(K81="Timestamp + Location",L81="Timestamp + Location"),"Compliant","NON-COMPLIANT") | Q81: =COUNTIFS('Photo Review'!$J$2:$J$403,A81,'Photo Review'!$S$2:$S$403,"?*")
A82: 274 | B82: SL04184 | C82: PANGAJAM U | D82: South | E82: Coimbatore | F82: SURENDRAN R | G82: 348409 | H82: 46307 | I82: 46307 | J82: 100 | K82: =IFERROR(INDEX('Photo Review'!$W$2:$W$403,MATCH($A82&"|START",'Photo Review'!$Z$2:$Z$403,0)),"Photo missing / not downloaded") | L82: =IFERROR(INDEX('Photo Review'!$W$2:$W$403,MATCH($A82&"|END",'Photo Review'!$Z$2:$Z$403,0)),"Photo missing / not downloaded") | M82: =IF(AND(K82="Timestamp + Location",L82="Timestamp + Location"),"Compliant","NON-COMPLIANT") | Q82: =COUNTIFS('Photo Review'!$J$2:$J$403,A82,'Photo Review'!$S$2:$S$403,"?*")
A83: 1119 | B83: SL04184 | C83: PANGAJAM U | D83: South | E83: Coimbatore | F83: SURENDRAN R | G83: 349467 | H83: 46308 | I83: 46309 | J83: 164 | K83: =IFERROR(INDEX('Photo Review'!$W$2:$W$403,MATCH($A83&"|START",'Photo Review'!$Z$2:$Z$403,0)),"Photo missing / not downloaded") | L83: =IFERROR(INDEX('Photo Review'!$W$2:$W$403,MATCH($A83&"|END",'Photo Review'!$Z$2:$Z$403,0)),"Photo missing / not downloaded") | M83: =IF(AND(K83="Timestamp + Location",L83="Timestamp + Location"),"Compliant","NON-COMPLIANT") | Q83: =COUNTIFS('Photo Review'!$J$2:$J$403,A83,'Photo Review'!$S$2:$S$403,"?*")
A84: 1100 | B84: SL04184 | C84: PANGAJAM U | D84: South | E84: Coimbatore | F84: SURENDRAN R | G84: 349450 | H84: 46309 | I84: 46309 | J84: 332 | K84: =IFERROR(INDEX('Photo Review'!$W$2:$W$403,MATCH($A84&"|START",'Photo Review'!$Z$2:$Z$403,0)),"Photo missing / not downloaded") | L84: =IFERROR(INDEX('Photo Review'!$W$2:$W$403,MATCH($A84&"|END",'Photo Review'!$Z$2:$Z$403,0)),"Photo missing / not downloaded") | M84: =IF(AND(K84="Timestamp + Location",L84="Timestamp + Location"),"Compliant","NON-COMPLIANT") | Q84: =COUNTIFS('Photo Review'!$J$2:$J$403,A84,'Photo Review'!$S$2:$S$403,"?*")
A85: 2537 | B85: SL04188 | C85: RAM BAHADUR SINGH | D85: North | E85: Lucknow | F85: RISHI RAGHAV | G85: 350734 | H85: 46308 | I85: 46312 | J85: 52 | K85: =IFERROR(INDEX('Photo Review'!$W$2:$W$403,MATCH($A85&"|START",'Photo Review'!$Z$2:$Z$403,0)),"Photo missing / not downloaded") | L85: =IFERROR(INDEX('Photo Review'!$W$2:$W$403,MATCH($A85&"|END",'Photo Review'!$Z$2:$Z$403,0)),"Photo missing / not downloaded") | M85: =IF(AND(K85="Timestamp + Location",L85="Timestamp + Location"),"Compliant","NON-COMPLIANT") | Q85: =COUNTIFS('Photo Review'!$J$2:$J$403,A85,'Photo Review'!$S$2:$S$403,"?*")
A86: 2539 | B86: SL04188 | C86: RAM BAHADUR SINGH | D86: North | E86: Lucknow | F86: RISHI RAGHAV | G86: 350736 | H86: 46309 | I86: 46312 | J86: 48 | K86: =IFERROR(INDEX('Photo Review'!$W$2:$W$403,MATCH($A86&"|START",'Photo Review'!$Z$2:$Z$403,0)),"Photo missing / not downloaded") | L86: =IFERROR(INDEX('Photo Review'!$W$2:$W$403,MATCH($A86&"|END",'Photo Review'!$Z$2:$Z$403,0)),"Photo missing / not downloaded") | M86: =IF(AND(K86="Timestamp + Location",L86="Timestamp + Location"),"Compliant","NON-COMPLIANT") | N86: 22212.2 | O86: 22259 | P86: 46.8 | Q86: =COUNTIFS('Photo Review'!$J$2:$J$403,A86,'Photo Review'!$S$2:$S$403,"?*")
A87: 2542 | B87: SL04188 | C87: RAM BAHADUR SINGH | D87: North | E87: Lucknow | F87: RISHI RAGHAV | G87: 350739 | H87: 46311 | I87: 46312 | J87: 80 | K87: =IFERROR(INDEX('Photo Review'!$W$2:$W$403,MATCH($A87&"|START",'Photo Review'!$Z$2:$Z$403,0)),"Photo missing / not downloaded") | L87: =IFERROR(INDEX('Photo Review'!$W$2:$W$403,MATCH($A87&"|END",'Photo Review'!$Z$2:$Z$403,0)),"Photo missing / not downloaded") | M87: =IF(AND(K87="Timestamp + Location",L87="Timestamp + Location"),"Compliant","NON-COMPLIANT") | N87: 2229.8 | O87: 2235.3 | P87: 5.5 | Q87: =COUNTIFS('Photo Review'!$J$2:$J$403,A87,'Photo Review'!$S$2:$S$403,"?*")
A88: 196 | B88: SL04205 | C88: VINOD KUMAR | D88: North | E88: Delhi | F88: Gouri Shankar | G88: 348264 | H88: 46307 | I88: 46307 | J88: 312 | K88: =IFERROR(INDEX('Photo Review'!$W$2:$W$403,MATCH($A88&"|START",'Photo Review'!$Z$2:$Z$403,0)),"Photo missing / not downloaded") | L88: =IFERROR(INDEX('Photo Review'!$W$2:$W$403,MATCH($A88&"|END",'Photo Review'!$Z$2:$Z$403,0)),"Photo missing / not downloaded") | M88: =IF(AND(K88="Timestamp + Location",L88="Timestamp + Location"),"Compliant","NON-COMPLIANT") | Q88: =COUNTIFS('Photo Review'!$J$2:$J$403,A88,'Photo Review'!$S$2:$S$403,"?*")
A89: 705 | B89: SL04205 | C89: VINOD KUMAR | D89: North | E89: Delhi | F89: Gouri Shankar | G89: 349000 | H89: 46308 | I89: 46308 | J89: 212 | K89: =IFERROR(INDEX('Photo Review'!$W$2:$W$403,MATCH($A89&"|START",'Photo Review'!$Z$2:$Z$403,0)),"Photo missing / not downloaded") | L89: =IFERROR(INDEX('Photo Review'!$W$2:$W$403,MATCH($A89&"|END",'Photo Review'!$Z$2:$Z$403,0)),"Photo missing / not downloaded") | M89: =IF(AND(K89="Timestamp + Location",L89="Timestamp + Location"),"Compliant","NON-COMPLIANT") | Q89: =COUNTIFS('Photo Review'!$J$2:$J$403,A89,'Photo Review'!$S$2:$S$403,"?*")
A90: 1182 | B90: SL04205 | C90: VINOD KUMAR | D90: North | E90: Delhi | F90: Gouri Shankar | G90: 349534 | H90: 46309 | I90: 46309 | J90: 176 | K90: =IFERROR(INDEX('Photo Review'!$W$2:$W$403,MATCH($A90&"|START",'Photo Review'!$Z$2:$Z$403,0)),"Photo missing / not downloaded") | L90: =IFERROR(INDEX('Photo Review'!$W$2:$W$403,MATCH($A90&"|END",'Photo Review'!$Z$2:$Z$403,0)),"Photo missing / not downloaded") | M90: =IF(AND(K90="Timestamp + Location",L90="Timestamp + Location"),"Compliant","NON-COMPLIANT") | Q90: =COUNTIFS('Photo Review'!$J$2:$J$403,A90,'Photo Review'!$S$2:$S$403,"?*")
A91: 1716 | B91: SL04205 | C91: VINOD KUMAR | D91: North | E91: Delhi | F91: Gouri Shankar | G91: 350027 | H91: 46310 | I91: 46310 | J91: 168 | K91: =IFERROR(INDEX('Photo Review'!$W$2:$W$403,MATCH($A91&"|START",'Photo Review'!$Z$2:$Z$403,0)),"Photo missing / not downloaded") | L91: =IFERROR(INDEX('Photo Review'!$W$2:$W$403,MATCH($A91&"|END",'Photo Review'!$Z$2:$Z$403,0)),"Photo missing / not downloaded") | M91: =IF(AND(K91="Timestamp + Location",L91="Timestamp + Location"),"Compliant","NON-COMPLIANT") | Q91: =COUNTIFS('Photo Review'!$J$2:$J$403,A91,'Photo Review'!$S$2:$S$403,"?*")
A92: 2295 | B92: SL04205 | C92: VINOD KUMAR | D92: North | E92: Delhi | F92: Gouri Shankar | G92: 350539 | H92: 46311 | I92: 46311 | J92: 328 | K92: =IFERROR(INDEX('Photo Review'!$W$2:$W$403,MATCH($A92&"|START",'Photo Review'!$Z$2:$Z$403,0)),"Photo missing / not downloaded") | L92: =IFERROR(INDEX('Photo Review'!$W$2:$W$403,MATCH($A92&"|END",'Photo Review'!$Z$2:$Z$403,0)),"Photo missing / not downloaded") | M92: =IF(AND(K92="Timestamp + Location",L92="Timestamp + Location"),"Compliant","NON-COMPLIANT") | Q92: =COUNTIFS('Photo Review'!$J$2:$J$403,A92,'Photo Review'!$S$2:$S$403,"?*")
A93: 2908 | B93: SL04205 | C93: VINOD KUMAR | D93: North | E93: Delhi | F93: Gouri Shankar | G93: 351037 | H93: 46312 | I93: 46312 | J93: 252 | K93: =IFERROR(INDEX('Photo Review'!$W$2:$W$403,MATCH($A93&"|START",'Photo Review'!$Z$2:$Z$403,0)),"Photo missing / not downloaded") | L93: =IFERROR(INDEX('Photo Review'!$W$2:$W$403,MATCH($A93&"|END",'Photo Review'!$Z$2:$Z$403,0)),"Photo missing / not downloaded") | M93: =IF(AND(K93="Timestamp + Location",L93="Timestamp + Location"),"Compliant","NON-COMPLIANT") | Q93: =COUNTIFS('Photo Review'!$J$2:$J$403,A93,'Photo Review'!$S$2:$S$403,"?*")
A94: 241 | B94: SL04206 | C94: BHARATKUMAR BHOGILAL SUTHAR | D94: GTR06 B | E94: Ahmedabad | F94: DEEPAK TUKARAM DESHMUKH | G94: 348336 | H94: 46307 | I94: 46307 | J94: 168 | K94: =IFERROR(INDEX('Photo Review'!$W$2:$W$403,MATCH($A94&"|START",'Photo Review'!$Z$2:$Z$403,0)),"Photo missing / not downloaded") | L94: =IFERROR(INDEX('Photo Review'!$W$2:$W$403,MATCH($A94&"|END",'Photo Review'!$Z$2:$Z$403,0)),"Photo missing / not downloaded") | M94: =IF(AND(K94="Timestamp + Location",L94="Timestamp + Location"),"Compliant","NON-COMPLIANT") | Q94: =COUNTIFS('Photo Review'!$J$2:$J$403,A94,'Photo Review'!$S$2:$S$403,"?*")
A95: 694 | B95: SL04206 | C95: BHARATKUMAR BHOGILAL SUTHAR | D95: GTR06 B | E95: Ahmedabad | F95: DEEPAK TUKARAM DESHMUKH | G95: 348990 | H95: 46308 | I95: 46308 | J95: 180 | K95: =IFERROR(INDEX('Photo Review'!$W$2:$W$403,MATCH($A95&"|START",'Photo Review'!$Z$2:$Z$403,0)),"Photo missing / not downloaded") | L95: =IFERROR(INDEX('Photo Review'!$W$2:$W$403,MATCH($A95&"|END",'Photo Review'!$Z$2:$Z$403,0)),"Photo missing / not downloaded") | M95: =IF(AND(K95="Timestamp + Location",L95="Timestamp + Location"),"Compliant","NON-COMPLIANT") | Q95: =COUNTIFS('Photo Review'!$J$2:$J$403,A95,'Photo Review'!$S$2:$S$403,"?*")
A96: 1889 | B96: SL04206 | C96: BHARATKUMAR BHOGILAL SUTHAR | D96: GTR06 B | E96: Ahmedabad | F96: DEEPAK TUKARAM DESHMUKH | G96: 350172 | H96: 46310 | I96: 46311 | J96: 188 | K96: =IFERROR(INDEX('Photo Review'!$W$2:$W$403,MATCH($A96&"|START",'Photo Review'!$Z$2:$Z$403,0)),"Photo missing / not downloaded") | L96: =IFERROR(INDEX('Photo Review'!$W$2:$W$403,MATCH($A96&"|END",'Photo Review'!$Z$2:$Z$403,0)),"Photo missing / not downloaded") | M96: =IF(AND(K96="Timestamp + Location",L96="Timestamp + Location"),"Compliant","NON-COMPLIANT") | Q96: =COUNTIFS('Photo Review'!$J$2:$J$403,A96,'Photo Review'!$S$2:$S$403,"?*")
A97: 2214 | B97: SL04206 | C97: BHARATKUMAR BHOGILAL SUTHAR | D97: GTR06 B | E97: Ahmedabad | F97: DEEPAK TUKARAM DESHMUKH | G97: 350463 | H97: 46311 | I97: 46311 | J97: 240 | K97: =IFERROR(INDEX('Photo Review'!$W$2:$W$403,MATCH($A97&"|START",'Photo Review'!$Z$2:$Z$403,0)),"Photo missing / not downloaded") | L97: =IFERROR(INDEX('Photo Review'!$W$2:$W$403,MATCH($A97&"|END",'Photo Review'!$Z$2:$Z$403,0)),"Photo missing / not downloaded") | M97: =IF(AND(K97="Timestamp + Location",L97="Timestamp + Location"),"Compliant","NON-COMPLIANT") | Q97: =COUNTIFS('Photo Review'!$J$2:$J$403,A97,'Photo Review'!$S$2:$S$403,"?*")
A98: 2891 | B98: SL04206 | C98: BHARATKUMAR BHOGILAL SUTHAR | D98: GTR06 B | E98: Ahmedabad | F98: DEEPAK TUKARAM DESHMUKH | G98: 351021 | H98: 46312 | I98: 46312 | J98: 184 | K98: =IFERROR(INDEX('Photo Review'!$W$2:$W$403,MATCH($A98&"|START",'Photo Review'!$Z$2:$Z$403,0)),"Photo missing / not downloaded") | L98: =IFERROR(INDEX('Photo Review'!$W$2:$W$403,MATCH($A98&"|END",'Photo Review'!$Z$2:$Z$403,0)),"Photo missing / not downloaded") | M98: =IF(AND(K98="Timestamp + Location",L98="Timestamp + Location"),"Compliant","NON-COMPLIANT") | N98: 2264.9 | O98: 2310.6 | P98: 45.7 | Q98: =COUNTIFS('Photo Review'!$J$2:$J$403,A98,'Photo Review'!$S$2:$S$403,"?*")
A99: 247 | B99: SL04231 | C99: M SUNIL KUMAR | D99: GTR09 | E99: Chennai | F99: Saravanan N | G99: 348342 | H99: 46307 | I99: 46307 | J99: 52 | K99: =IFERROR(INDEX('Photo Review'!$W$2:$W$403,MATCH($A99&"|START",'Photo Review'!$Z$2:$Z$403,0)),"Photo missing / not downloaded") | L99: =IFERROR(INDEX('Photo Review'!$W$2:$W$403,MATCH($A99&"|END",'Photo Review'!$Z$2:$Z$403,0)),"Photo missing / not downloaded") | M99: =IF(AND(K99="Timestamp + Location",L99="Timestamp + Location"),"Compliant","NON-COMPLIANT") | Q99: =COUNTIFS('Photo Review'!$J$2:$J$403,A99,'Photo Review'!$S$2:$S$403,"?*")
A100: 689 | B100: SL04233 | C100: VINOD KUMAR | D100: GTR08 | E100: SOUTH GOA | F100: MANOHAR KUMAR JHA | G100: 348985 | H100: 46307 | I100: 46308 | J100: 532 | K100: =IFERROR(INDEX('Photo Review'!$W$2:$W$403,MATCH($A100&"|START",'Photo Review'!$Z$2:$Z$403,0)),"Photo missing / not downloaded") | L100: =IFERROR(INDEX('Photo Review'!$W$2:$W$403,MATCH($A100&"|END",'Photo Review'!$Z$2:$Z$403,0)),"Photo missing / not downloaded") | M100: =IF(AND(K100="Timestamp + Location",L100="Timestamp + Location"),"Compliant","NON-COMPLIANT") | Q100: =COUNTIFS('Photo Review'!$J$2:$J$403,A100,'Photo Review'!$S$2:$S$403,"?*")
...

Sheet Photo Review
A1: Photo # | B1: Employee_code | C1: User_Name | D1: Designation | E1: Zone | F1: HQ | G1: L1 Approver | H1: Claim_Id | I1: Claim_Date | J1: Claim Key | K1: Side | L1: Claim_Amount (₹) | M1: Photo | N1: App Result | O1: Stamp Date(s) | P1: Stamp Time | Q1: Stamp GPS / App | R1: Odometer (OCR) | S1: Red Flags | T1: Flag Level | U1: Check Priority | V1: HR Check | W1: Final Result | X1: Compliant? | Y1: Photo Link | Z1: Lookup Key | AA1: Text read from photo
A2: 1 | B2: SL00147 | C2: Girish Kahar | D2: SO | E2: West | F2: VADODARA | G2: NAVEEN N ANCHAN | H2: 350983 | I2: 46312 | J2: 2847 | K2: START | L2: 472 | N2: Timestamp + Location | O2: 17-Oct-2026 | P2: 08:06 | R2: 329576 | W2: =IF(V2="Wrong - photo HAS timestamp + location","Timestamp + Location",IF(V2="Wrong - photo has NO stamp","No stamp",N2)) | X2: =IF(W2="Timestamp + Location","Yes","No") | Y2: Open photo | Z2: =J2&"|"&K2 | AA2: 60 | 80 | 329576 | 17 0ct 2026 08:06:53 | Kevdabaug | Vadodara | Gujarat | 17 0ct 2026 08:06:53 | Kevdabaug | Vadodara | Gujarat
A3: 2 | B3: SL00147 | C3: Girish Kahar | D3: SO | E3: West | F3: VADODARA | G3: NAVEEN N ANCHAN | H3: 350983 | I3: 46312 | J3: 2847 | K3: END | L3: 472 | N3: Timestamp + Location | O3: 17-Oct-2026 | P3: 19:33 | R3: 33708 | U3: 3 - Random sample (stamped) | W3: =IF(V3="Wrong - photo HAS timestamp + location","Timestamp + Location",IF(V3="Wrong - photo has NO stamp","No stamp",N3)) | X3: =IF(W3="Timestamp + Location","Yes","No") | Y3: Open photo | Z3: =J3&"|"&K3 | AA3: 5O | 80 | Ailill, | 33708 | 17 0ct 2026 19:33:36 | 1780 Navapura Road | Navapura | Vadodara | Gujarat | 17 0ct 2026 19:33:36 | 1780 Navapura Road | Navapura | Vadodara | Gujarat
A4: 3 | B4: SL00170 | C4: MUJAHID . | D4: SSO | E4: GTR02 | F4: GURUGRAM | G4: PUNEET WADHWA | H4: 348418 | I4: 46307 | J4: 279 | K4: START | L4: 516 | N4: No stamp | R4: 7516 | U4: 2 - Employee uses stamps elsewhere | W4: =IF(V4="Wrong - photo HAS timestamp + location","Timestamp + Location",IF(V4="Wrong - photo has NO stamp","No stamp",N4)) | X4: =IF(W4="Timestamp + Location","Yes","No") | Y4: Open photo | Z4: =J4&"|"&K4 | AA4: LOW | SIDE | EATTERY | STAND | IFE | km/L | ODO | 7516km | km/h | E | km/n | 面
A5: 4 | B5: SL00170 | C5: MUJAHID . | D5: SSO | E5: GTR02 | F5: GURUGRAM | G5: PUNEET WADHWA | H5: 348418 | I5: 46307 | J5: 279 | K5: END | L5: 516 | N5: No stamp | R5: 7715 | S5: [Medium] Reused photo: same as #5 (START, claim 348955, 13-Oct) | T5: Medium | U5: 1 - Red flag | W5: =IF(V5="Wrong - photo HAS timestamp + location","Timestamp + Location",IF(V5="Wrong - photo has NO stamp","No stamp",N5)) | X5: =IF(W5="Timestamp + Location","Yes","No") | Y5: Open photo | Z5: =J5&"|"&K5 | AA5: 7715km | kmh
A6: 5 | B6: SL00170 | C6: MUJAHID . | D6: SSO | E6: GTR02 | F6: GURUGRAM | G6: PUNEET WADHWA | H6: 348955 | I6: 46308 | J6: 661 | K6: START | L6: 400 | N6: No stamp | R6: 7715 | S6: [Medium] Reused photo: same as #4 (END, claim 348418, 12-Oct) | T6: Medium | U6: 1 - Red flag | W6: =IF(V6="Wrong - photo HAS timestamp + location","Timestamp + Location",IF(V6="Wrong - photo has NO stamp","No stamp",N6)) | X6: =IF(W6="Timestamp + Location","Yes","No") | Y6: Open photo | Z6: =J6&"|"&K6 | AA6: 7715km | kmh
A7: 6 | B7: SL00170 | C7: MUJAHID . | D7: SSO | E7: GTR02 | F7: GURUGRAM | G7: PUNEET WADHWA | H7: 348955 | I7: 46308 | J7: 661 | K7: END | L7: 400 | N7: Timestamp + Location | O7: 13-Oct-2026 | P7: 20:55 | R7: 7850 | W7: =IF(V7="Wrong - photo HAS timestamp + location","Timestamp + Location",IF(V7="Wrong - photo has NO stamp","No stamp",N7)) | X7: =IF(W7="Timestamp + Location","Yes","No") | Y7: Open photo | Z7: =J7&"|"&K7 | AA7: Low | SIDC | BRTTERY | STRND | IFE | km/L | 7850km | km/h | 13 0ct 2026 8:55:31 pm | Sector 10 | Gurugram | Gurgaon Division | Haryana | 13 0ct 2026 8:55:31 pm | Sector 10 | Gurugram | Gurgaon Division | Haryana
A8: 7 | B8: SL00170 | C8: MUJAHID . | D8: SSO | E8: GTR02 | F8: GURUGRAM | G8: PUNEET WADHWA | H8: 349374 | I8: 46309 | J8: 1027 | K8: START | L8: 296 | N8: No stamp | R8: 10220 | U8: 2 - Employee uses stamps elsewhere | W8: =IF(V8="Wrong - photo HAS timestamp + location","Timestamp + Location",IF(V8="Wrong - photo has NO stamp","No stamp",N8)) | X8: =IF(W8="Timestamp + Location","Yes","No") | Y8: Open photo | Z8: =J8&"|"&K8 | AA8: COLU | FE | kmmx | 10220元 | krnrh
A9: 8 | B9: SL00170 | C9: MUJAHID . | D9: SSO | E9: GTR02 | F9: GURUGRAM | G9: PUNEET WADHWA | H9: 349374 | I9: 46309 | J9: 1027 | K9: END | L9: 296 | N9: Timestamp + Location | O9: 14-Oct-2026 | P9: 19:35 | R9: 10329 | W9: =IF(V9="Wrong - photo HAS timestamp + location","Timestamp + Location",IF(V9="Wrong - photo has NO stamp","No stamp",N9)) | X9: =IF(W9="Timestamp + Location","Yes","No") | Y9: Open photo | Z9: =J9&"|"&K9 | AA9: kmre | 10329km | h | 14 0ct 2026 7:35:26 pm | Garhi Road | Sector 9B | Gurugram | Gurgaon Division | Haryana | 14 0ct 2026 7:35:26 pm | Garhi Road | Sector 9B | Gurugram | Gurgaon Division | Haryana
A10: 9 | B10: SL00170 | C10: MUJAHID . | D10: SSO | E10: GTR02 | F10: GURUGRAM | G10: PUNEET WADHWA | H10: 350005 | I10: 46310 | J10: 1696 | K10: START | L10: 448 | N10: Timestamp + Location | O10: 16-Oct-2026 | P10: 09:38 | R10: 7850 | S10: [High] Photo dated after the claim date: Photo dated 16-Oct-2026, claim date 15-Oct-2026 | [High] Photo dated after claim was submitted: Photo dated 16-Oct-2026, submitted 15-Oct-2026 | [High] Reused photo: same as #11 (START, claim 350602, 16-Oct) | T10: High | U10: 1 - Red flag | W10: =IF(V10="Wrong - photo HAS timestamp + location","Timestamp + Location",IF(V10="Wrong - photo has NO stamp","No stamp",N10)) | X10: =IF(W10="Timestamp + Location","Yes","No") | Y10: Open photo | Z10: =J10&"|"&K10 | AA10: LOW | BATTERY | STRnD | IFE | km/u | 0口口 | 7850km | km/h | LZnET | 16 0ct 2026 9:38:43 am | Sector 9B | Gurugram | Gurgaon Division | Haryana | LZnZT | 16 0ct 2026 9:38:43 am | Sector 9B | Gurugram | Gurgaon Division | Haryana
A11: 10 | B11: SL00170 | C11: MUJAHID . | D11: SSO | E11: GTR02 | F11: GURUGRAM | G11: PUNEET WADHWA | H11: 350005 | I11: 46310 | J11: 1696 | K11: END | L11: 448 | N11: Timestamp + Location | O11: 15-Oct-2026 | P11: 21:03 | R11: 1847, 23821 | S11: [Medium] END photo taken before START: START 16-Oct 09:38, END 15-Oct 21:03 | T11: Medium | U11: 1 - Red flag | W11: =IF(V11="Wrong - photo HAS timestamp + location","Timestamp + Location",IF(V11="Wrong - photo has NO stamp","No stamp",N11)) | X11: =IF(W11="Timestamp + Location","Yes","No") | Y11: Open photo | Z11: =J11&"|"&K11 | AA11: STAnD | Tkm | 1847 | kmh | 23821 | 15 0ct 2026 9:03:00 pm | Sector 37 | Gurugram | Gurgaon Division | Haryana | RPH | LIAZY | 15 0ct 2026 9:03:00 pm | Sector 37 | Gurugram | Gurgaon Division | Haryana
A12: 11 | B12: SL00170 | C12: MUJAHID . | D12: SSO | E12: GTR02 | F12: GURUGRAM | G12: PUNEET WADHWA | H12: 350602 | I12: 46311 | J12: 2369 | K12: START | L12: 432 | N12: Timestamp + Location | O12: 16-Oct-2026 | P12: 09:38 | R12: 7850 | S12: [High] Reused photo: same as #9 (START, claim 350005, 15-Oct) | T12: High | U12: 1 - Red flag | W12: =IF(V12="Wrong - photo HAS timestamp + location","Timestamp + Location",IF(V12="Wrong - photo has NO stamp","No stamp",N12)) | X12: =IF(W12="Timestamp + Location","Yes","No") | Y12: Open photo | Z12: =J12&"|"&K12 | AA12: LOW | BATTERY | STRnD | IFE | km/u | 0口口 | 7850km | km/h | LZnET | 16 0ct 2026 9:38:43 am | Sector 9B | Gurugram | Gurgaon Division | Haryana | LZnZT | 16 0ct 2026 9:38:43 am | Sector 9B | Gurugram | Gurgaon Division | Haryana
A13: 12 | B13: SL00170 | C13: MUJAHID . | D13: SSO | E13: GTR02 | F13: GURUGRAM | G13: PUNEET WADHWA | H13: 350602 | I13: 46311 | J13: 2369 | K13: END | L13: 432 | N13: Timestamp + Location | O13: 16-Oct-2026 | P13: 22:54 | R13: 7993 | W13: =IF(V13="Wrong - photo HAS timestamp + location","Timestamp + Location",IF(V13="Wrong - photo has NO stamp","No stamp",N13)) | X13: =IF(W13="Timestamp + Location","Yes","No") | Y13: Open photo | Z13: =J13&"|"&K13 | AA13: SIDE | LOw | STANO | BATTERY | IFE | km/t | 000 | 7993km | km/h | EL | 16 0ct 2026 10:54:14 pm | Gali Number 4 | Sector 37D | Gurugram | Gurgaon Division | Haryana | 16 0ct 2026 10:54:14 pm | Gali Number 4 | Sector 37D | Gurugram | Gurgaon Division | Haryana
A14: 13 | B14: SL00170 | C14: MUJAHID . | D14: SSO | E14: GTR02 | F14: GURUGRAM | G14: PUNEET WADHWA | H14: 351135 | I14: 46312 | J14: 3029 | K14: START | L14: 336 | N14: Timestamp + Location | O14: 21-Oct-2026 | P14: 08:43 | S14: [High] Photo dated after the claim date: Photo dated 21-Oct-2026, claim date 17-Oct-2026 | [High] Photo dated after claim was submitted: Photo dated 21-Oct-2026, submitted 17-Oct-2026 | T14: High | U14: 1 - Red flag | W14: =IF(V14="Wrong - photo HAS timestamp + location","Timestamp + Location",IF(V14="Wrong - photo has NO stamp","No stamp",N14)) | X14: =IF(W14="Timestamp + Location","Yes","No") | Y14: Open photo | Z14: =J14&"|"&K14 | AA14: SIDE | LOW | STAND | BRTTERY | IFE | kmrr | ODO | kmh | 21 0ct 2026 8:43:13 am | 318Garhi Road | Sector 9B | Gurugram | Gurgaon Division | Haryana | 21 0ct 2026 8:43:13 am | 318 Garhi Road | Sector 9B | Gurugram | Gurgaon Division | Haryana
A15: 14 | B15: SL00170 | C15: MUJAHID . | D15: SSO | E15: GTR02 | F15: GURUGRAM | G15: PUNEET WADHWA | H15: 351135 | I15: 46312 | J15: 3029 | K15: END | L15: 336 | N15: Timestamp + Location | O15: 17-Oct-2026 | P15: 20:36 | R15: 496501 | S15: [Medium] END photo taken before START: START 21-Oct 08:43, END 17-Oct 20:36 | T15: Medium | U15: 1 - Red flag | W15: =IF(V15="Wrong - photo HAS timestamp + location","Timestamp + Location",IF(V15="Wrong - photo has NO stamp","No stamp",N15)) | X15: =IF(W15="Timestamp + Location","Yes","No") | Y15: Open photo | Z15: =J15&"|"&K15 | AA15: 496501 | km/h | 17 0ct 2026 8:36:49 pm | 318 Garhi Road | Sector 9B | Gurugram | Gurgaon Division | Haryana | 17 0ct 2026 8:36:49 pm | 318 Garhi Road | Sector 9B | Gurugram | Gurgaon Division | Haryana
A16: 15 | B16: SL01707 | C16: PANKAJ KUMAR PANDEY | D16: SO | E16: GTR03 A | F16: FAIZABAD | G16: PRADEEP KUMAR | H16: 351276 | I16: 46310 | J16: 3215 | K16: START | L16: 124 | N16: No stamp | U16: 3 - Random sample (no stamp) | W16: =IF(V16="Wrong - photo HAS timestamp + location","Timestamp + Location",IF(V16="Wrong - photo has NO stamp","No stamp",N16)) | X16: =IF(W16="Timestamp + Location","Yes","No") | Y16: Open photo | Z16: =J16&"|"&K16 | AA16: 856h6 | pm | 6
A17: 16 | B17: SL01707 | C17: PANKAJ KUMAR PANDEY | D17: SO | E17: GTR03 A | F17: FAIZABAD | G17: PRADEEP KUMAR | H17: 351276 | I17: 46310 | J17: 3215 | K17: END | L17: 124 | N17: No stamp | R17: 2056 | W17: =IF(V17="Wrong - photo HAS timestamp + location","Timestamp + Location",IF(V17="Wrong - photo has NO stamp","No stamp",N17)) | X17: =IF(W17="Timestamp + Location","Yes","No") | Y17: Open photo | Z17: =J17&"|"&K17 | AA17: km | h2056 | ODO | 658 | ODO | E | 658 | pm
A18: 17 | B18: SL01966 | C18: SHASHIDHAR NAIR | D18: SO | E18: GTR08 | F18: BANGALORE | G18: GANGADHARAM K | H18: 348187 | I18: 46307 | J18: 149 | K18: START | L18: 179.2 | N18: No stamp | R18: 46437, 46437 | U18: 2 - Employee uses stamps elsewhere | W18: =IF(V18="Wrong - photo HAS timestamp + location","Timestamp + Location",IF(V18="Wrong - photo has NO stamp","No stamp",N18)) | X18: =IF(W18="Timestamp + Location","Yes","No") | Y18: Open photo | Z18: =J18&"|"&K18 | AA18: 9:06AM | 女 | OROFF | km | ODO46437.0 | km | ODO46437.0 | X
A19: 18 | B19: SL01966 | C19: SHASHIDHAR NAIR | D19: SO | E19: GTR08 | F19: BANGALORE | G19: GANGADHARAM K | H19: 348187 | I19: 46307 | J19: 149 | K19: END | L19: 179.2 | N19: No stamp | R19: 46482.8 | U19: 2 - Employee uses stamps elsewhere | W19: =IF(V19="Wrong - photo HAS timestamp + location","Timestamp + Location",IF(V19="Wrong - photo has NO stamp","No stamp",N19)) | X19: =IF(W19="Timestamp + Location","Yes","No") | Y19: Open photo | Z19: =J19&"|"&K19 | AA19: 7:25PM | OFF | E | ODO46482.8 | km
A20: 19 | B20: SL01966 | C20: SHASHIDHAR NAIR | D20: SO | E20: GTR08 | F20: BANGALORE | G20: GANGADHARAM K | H20: 348804 | I20: 46308 | J20: 524 | K20: START | L20: 132 | N20: Timestamp + Location | O20: 13-Oct-2026 | P20: 08:57 | R20: 46487.6 | W20: =IF(V20="Wrong - photo HAS timestamp + location","Timestamp + Location",IF(V20="Wrong - photo has NO stamp","No stamp",N20)) | X20: =IF(W20="Timestamp + Location","Yes","No") | Y20: Open photo | Z20: =J20&"|"&K20 | AA20: 8:57AM | MOTOROFF | oDO46487.6km | YSOX | 13 0ct 2026 8:57:07 am | 119 1st Main Road | Mahadevapura | Bengaluru | Bangalore Division | Karnataka | 13 0ct 2026 8:57:07 am | 119 1st Main Road | Mahadevapura | Bengaluru | Bangalore Division | Karnataka
A21: 20 | B21: SL01966 | C21: SHASHIDHAR NAIR | D21: SO | E21: GTR08 | F21: BANGALORE | G21: GANGADHARAM K | H21: 348804 | I21: 46308 | J21: 524 | K21: END | L21: 132 | N21: Timestamp + Location | O21: 13-Oct-2026 | P21: 19:09 | R21: 46521.3 | W21: =IF(V21="Wrong - photo HAS timestamp + location","Timestamp + Location",IF(V21="Wrong - photo has NO stamp","No stamp",N21)) | X21: =IF(W21="Timestamp + Location","Yes","No") | Y21: Open photo | Z21: =J21&"|"&K21 | AA21: 7:09PM | OROFF | oDO46521.3km | SOX | 13 0ct2026 7:09:15pm | Mahadevapura | Bengaluru | Bangalore Division | Karnataka | 13 0ct 2026 7:09:15 pm | Mahadevapura | Bengaluru | Bangalore Division | Karnataka
A22: 21 | B22: SL01966 | C22: SHASHIDHAR NAIR | D22: SO | E22: GTR08 | F22: BANGALORE | G22: GANGADHARAM K | H22: 349255 | I22: 46309 | J22: 908 | K22: START | L22: 245.2 | N22: Timestamp + Location | O22: 14-Oct-2026 | P22: 09:08 | R22: 46521.2 | W22: =IF(V22="Wrong - photo HAS timestamp + location","Timestamp + Location",IF(V22="Wrong - photo has NO stamp","No stamp",N22)) | X22: =IF(W22="Timestamp + Location","Yes","No") | Y22: Open photo | Z22: =J22&"|"&K22 | AA22: 9:08AM | ODO46521.2km | 14 0ct 2026 9:08:30 am | 119 1st Main Road | Mahadevapura | MOTOROFE | Bengaluru | Bangalore Division | Karnataka | 14 0ct 2026 9:08:30 am | 119 1st Main Road | Mahadevapura | MOTOROF | Bengaluru | Bangalore Division | Karnataka
A23: 22 | B23: SL01966 | C23: SHASHIDHAR NAIR | D23: SO | E23: GTR08 | F23: BANGALORE | G23: GANGADHARAM K | H23: 349255 | I23: 46309 | J23: 908 | K23: END | L23: 245.2 | N23: Timestamp + Location | O23: 14-Oct-2026 | P23: 18:12 | R23: 46582.5 | W23: =IF(V23="Wrong - photo HAS timestamp + location","Timestamp + Location",IF(V23="Wrong - photo has NO stamp","No stamp",N23)) | X23: =IF(W23="Timestamp + Location","Yes","No") | Y23: Open photo | Z23: =J23&"|"&K23 | AA23: 6:12PM | OFF | ODO46582.5km | X | 14 0ct 2026 6:12:23 pm | Mahadevapura | Bengaluru | Bangalore Division | Karnataka | 14 0ct 2026 6:12:23 pm | Mahadevapura | Bengaluru | Bangalore Division | Karnataka
A24: 23 | B24: SL01966 | C24: SHASHIDHAR NAIR | D24: SO | E24: GTR08 | F24: BANGALORE | G24: GANGADHARAM K | H24: 349796 | I24: 46310 | J24: 1461 | K24: START | L24: 151.2 | N24: Timestamp + Location | O24: 15-Oct-2026 | P24: 08:46 | R24: 46582.4 | W24: =IF(V24="Wrong - photo HAS timestamp + location","Timestamp + Location",IF(V24="Wrong - photo has NO stamp","No stamp",N24)) | X24: =IF(W24="Timestamp + Location","Yes","No") | Y24: Open photo | Z24: =J24&"|"&K24 | AA24: 8:46AM | oDo 46582.4 km | 15 0ct 2026 8:46:43 am | 119 1st Main Road | Mahadevapura | Bengaluru | Bangalore Division | Karnataka | 15 0ct 2026 8:46:43 am | 119 1st Main Road | Mahadevapura | Bengaluru | Bangalore Division | Karnataka
A25: 24 | B25: SL01966 | C25: SHASHIDHAR NAIR | D25: SO | E25: GTR08 | F25: BANGALORE | G25: GANGADHARAM K | H25: 349796 | I25: 46310 | J25: 1461 | K25: END | L25: 151.2 | N25: Timestamp + Location | O25: 15-Oct-2026 | P25: 18:33 | R25: 46620.2 | W25: =IF(V25="Wrong - photo HAS timestamp + location","Timestamp + Location",IF(V25="Wrong - photo has NO stamp","No stamp",N25)) | X25: =IF(W25="Timestamp + Location","Yes","No") | Y25: Open photo | Z25: =J25&"|"&K25 | AA25: 6:33PM | OROFF | ODO46620.2 km | SOX | 15 0ct 2026 6:33:24 pm | Mahadevapura | Bengaluru | Bangalore Division | Karnataka | 15 0ct 2026 6:33:24 pm | Mahadevapura | Bengaluru | Bangalore Division | Karnataka
A26: 25 | B26: SL01966 | C26: SHASHIDHAR NAIR | D26: SO | E26: GTR08 | F26: BANGALORE | G26: GANGADHARAM K | H26: 350390 | I26: 46311 | J26: 2130 | K26: START | L26: 135.6 | N26: Timestamp + Location | O26: 16-Oct-2026 | P26: 08:52 | R26: 466202 | W26: =IF(V26="Wrong - photo HAS timestamp + location","Timestamp + Location",IF(V26="Wrong - photo has NO stamp","No stamp",N26)) | X26: =IF(W26="Timestamp + Location","Yes","No") | Y26: Open photo | Z26: =J26&"|"&K26 | AA26: 8:52AM | STOROFF | DISENGAGE | oDO466202km | Side Stand | 16 0ct 2026 8:52:22 am | 119 1st Main Road | Mahadevapura | Bengaluru | Bangalore Division | Karnataka | 16 0ct 2026 8:52:22 am | 119 1st Main Road | Mahadevapura | Bengaluru | Bangalore Division | Karnataka
A27: 26 | B27: SL01966 | C27: SHASHIDHAR NAIR | D27: SO | E27: GTR08 | F27: BANGALORE | G27: GANGADHARAM K | H27: 350390 | I27: 46311 | J27: 2130 | K27: END | L27: 135.6 | N27: Timestamp + Location | O27: 16-Oct-2026 | P27: 20:03 | R27: 46654.1 | U27: 3 - Random sample (stamped) | W27: =IF(V27="Wrong - photo HAS timestamp + location","Timestamp + Location",IF(V27="Wrong - photo has NO stamp","No stamp",N27)) | X27: =IF(W27="Timestamp + Location","Yes","No") | Y27: Open photo | Z27: =J27&"|"&K27 | AA27: 8:03PM | MOTOROFF | oDO46654.1km | HSOY | 16 0ct 2026 8:03:12pm | Mahadevapura | Bengaluru | Bangalore Division | Karnataka | 16 0ct 2026 8:03:12 pm | Mahadevapura | Bengaluru | Bangalore Division | Karnataka
A28: 27 | B28: SL01966 | C28: SHASHIDHAR NAIR | D28: SO | E28: GTR08 | F28: BANGALORE | G28: GANGADHARAM K | H28: 350949 | I28: 46312 | J28: 2808 | K28: START | L28: 150.8 | N28: Timestamp + Location | O28: 17-Oct-2026 | P28: 08:49 | R28: 46654.1 | W28: =IF(V28="Wrong - photo HAS timestamp + location","Timestamp + Location",IF(V28="Wrong - photo has NO stamp","No stamp",N28)) | X28: =IF(W28="Timestamp + Location","Yes","No") | Y28: Open photo | Z28: =J28&"|"&K28 | AA28: 8:49AM | OFF | oDO46654.1km | 17 0ct 2026 8:49:58 am | 119 1st Main Road | Mahadevapura | Bengaluru | Bangalore Division | Karnataka | 17 0ct 2026 8:49:58 am | 119 1st Main Road | Mahadevapura | Bengaluru | Bangalore Division | Karnataka
A29: 28 | B29: SL01966 | C29: SHASHIDHAR NAIR | D29: SO | E29: GTR08 | F29: BANGALORE | G29: GANGADHARAM K | H29: 350949 | I29: 46312 | J29: 2808 | K29: END | L29: 150.8 | N29: Timestamp + Location | O29: 17-Oct-2026 | P29: 19:35 | R29: 46691.8 | W29: =IF(V29="Wrong - photo HAS timestamp + location","Timestamp + Location",IF(V29="Wrong - photo has NO stamp","No stamp",N29)) | X29: =IF(W29="Timestamp + Location","Yes","No") | Y29: Open photo | Z29: =J29&"|"&K29 | AA29: 7:35PM | TOROFF | SOX | oDO46691.8km | 17 0ct 2026 7:35:20 pm | Mahadevapura | Bengaluru | Bangalore Division | Karnataka | 17 0ct 2026 7:35:20 pm | Mahadevapura | Bengaluru | Bangalore Division | Karnataka
A30: 29 | B30: SL02068 | C30: ZEVER FARNONDES | D30: SO | E30: GTR08 | F30: PANJIM | G30: MANOHAR KUMAR JHA | H30: 349587 | I30: 46307 | J30: 1237 | K30: START | L30: 140 | N30: No stamp | R30: 344993 | W30: =IF(V30="Wrong - photo HAS timestamp + location","Timestamp + Location",IF(V30="Wrong - photo has NO stamp","No stamp",N30)) | X30: =IF(W30="Timestamp + Location","Yes","No") | Y30: Open photo | Z30: =J30&"|"&K30 | AA30: 80 | 10 | 344993 | km | km/h | km/h
A31: 30 | B31: SL02068 | C31: ZEVER FARNONDES | D31: SO | E31: GTR08 | F31: PANJIM | G31: MANOHAR KUMAR JHA | H31: 349587 | I31: 46307 | J31: 1237 | K31: END | L31: 140 | N31: No stamp | R31: 3.45697e+06 | W31: =IF(V31="Wrong - photo HAS timestamp + location","Timestamp + Location",IF(V31="Wrong - photo has NO stamp","No stamp",N31)) | X31: =IF(W31="Timestamp + Location","Yes","No") | Y31: Open photo | Z31: =J31&"|"&K31 | AA31: 80 | 100 | 120 | 3456974 | km | 140 | 20 | km/h | 140 | 20 | km/h
A32: 31 | B32: SL02068 | C32: ZEVER FARNONDES | D32: SO | E32: GTR08 | F32: PANJIM | G32: MANOHAR KUMAR JHA | H32: 349588 | I32: 46308 | J32: 1238 | K32: START | L32: 108 | N32: No stamp | R32: 3.45697e+06 | W32: =IF(V32="Wrong - photo HAS timestamp + location","Timestamp + Location",IF(V32="Wrong - photo has NO stamp","No stamp",N32)) | X32: =IF(W32="Timestamp + Location","Yes","No") | Y32: Open photo | Z32: =J32&"|"&K32 | AA32: 80 | 3456972 | km | 20 | km/h | 20 | km/h
A33: 32 | B33: SL02068 | C33: ZEVER FARNONDES | D33: SO | E33: GTR08 | F33: PANJIM | G33: MANOHAR KUMAR JHA | H33: 349588 | I33: 46308 | J33: 1238 | K33: END | L33: 108 | N33: No stamp | W33: =IF(V33="Wrong - photo HAS timestamp + location","Timestamp + Location",IF(V33="Wrong - photo has NO stamp","No stamp",N33)) | X33: =IF(W33="Timestamp + Location","Yes","No") | Y33: Open photo | Z33: =J33&"|"&K33 | AA33: 80 | 3 | 31 | 5 | km
A34: 33 | B34: SL02068 | C34: ZEVER FARNONDES | D34: SO | E34: GTR08 | F34: PANJIM | G34: MANOHAR KUMAR JHA | H34: 328946 | I34: 46309 | J34: 1244 | K34: START | L34: 96 | N34: No stamp | R34: 31948, 1073 | W34: =IF(V34="Wrong - photo HAS timestamp + location","Timestamp + Location",IF(V34="Wrong - photo has NO stamp","No stamp",N34)) | X34: =IF(W34="Timestamp + Location","Yes","No") | Y34: Open photo | Z34: =J34&"|"&K34 | AA34: 31948 | Am/h | ED | m/h | 1073
A35: 34 | B35: SL02068 | C35: ZEVER FARNONDES | D35: SO | E35: GTR08 | F35: PANJIM | G35: MANOHAR KUMAR JHA | H35: 328946 | I35: 46309 | J35: 1244 | K35: END | L35: 96 | N35: No stamp | W35: =IF(V35="Wrong - photo HAS timestamp + location","Timestamp + Location",IF(V35="Wrong - photo has NO stamp","No stamp",N35)) | X35: =IF(W35="Timestamp + Location","Yes","No") | Y35: Open photo | Z35: =J35&"|"&K35 | AA35: ® | km/h | 08 | 品 | 2 | 品 | 品
A36: 35 | B36: SL02068 | C36: ZEVER FARNONDES | D36: SO | E36: GTR08 | F36: PANJIM | G36: MANOHAR KUMAR JHA | H36: 351840 | I36: 46310 | J36: 3665 | K36: START | L36: 76 | N36: No stamp | R36: 234155 | W36: =IF(V36="Wrong - photo HAS timestamp + location","Timestamp + Location",IF(V36="Wrong - photo has NO stamp","No stamp",N36)) | X36: =IF(W36="Timestamp + Location","Yes","No") | Y36: Open photo | Z36: =J36&"|"&K36 | AA36: 80 | 60 | 234155 | km | ECOV | 20 | km/h | 3O | 1 | 20 | km/h
A37: 36 | B37: SL02068 | C37: ZEVER FARNONDES | D37: SO | E37: GTR08 | F37: PANJIM | G37: MANOHAR KUMAR JHA | H37: 351840 | I37: 46310 | J37: 3665 | K37: END | L37: 76 | N37: No stamp | R37: 342098 | W37: =IF(V37="Wrong - photo HAS timestamp + location","Timestamp + Location",IF(V37="Wrong - photo has NO stamp","No stamp",N37)) | X37: =IF(W37="Timestamp + Location","Yes","No") | Y37: Open photo | Z37: =J37&"|"&K37 | AA37: 80 | 10O | 60 | Km | 342098 | 02 | km/i | 02 | km/N
A38: 37 | B38: SL02068 | C38: ZEVER FARNONDES | D38: SO | E38: GTR08 | F38: PANJIM | G38: MANOHAR KUMAR JHA | H38: 351843 | I38: 46311 | J38: 3669 | K38: START | L38: 88 | N38: No stamp | R38: 34209 | W38: =IF(V38="Wrong - photo HAS timestamp + location","Timestamp + Location",IF(V38="Wrong - photo has NO stamp","No stamp",N38)) | X38: =IF(W38="Timestamp + Location","Yes","No") | Y38: Open photo | Z38: =J38&"|"&K38 | AA38: 80 | 10O | Q | 34209 | 20 | km | 20- | km/
A39: 38 | B39: SL02068 | C39: ZEVER FARNONDES | D39: SO | E39: GTR08 | F39: PANJIM | G39: MANOHAR KUMAR JHA | H39: 351843 | I39: 46311 | J39: 3669 | K39: END | L39: 88 | N39: No stamp | R39: 342668 | W39: =IF(V39="Wrong - photo HAS timestamp + location","Timestamp + Location",IF(V39="Wrong - photo has NO stamp","No stamp",N39)) | X39: =IF(W39="Timestamp + Location","Yes","No") | Y39: Open photo | Z39: =J39&"|"&K39 | AA39: 100 | 60 | 120 | km | 342668 | Ohl | kmh | 140 | 20 | kmh | 28-001
A40: 39 | B40: SL02068 | C40: ZEVER FARNONDES | D40: SO | E40: GTR08 | F40: PANJIM | G40: MANOHAR KUMAR JHA | H40: 351847 | I40: 46312 | J40: 3672 | K40: START | L40: 84 | N40: No stamp | R40: 2.34267e+06 | W40: =IF(V40="Wrong - photo HAS timestamp + location","Timestamp + Location",IF(V40="Wrong - photo has NO stamp","No stamp",N40)) | X40: =IF(W40="Timestamp + Location","Yes","No") | Y40: Open photo | Z40: =J40&"|"&K40 | AA40: 100 | 60 | 120 | km | 2342668 | 140 | kmh | 140 | 20 | kmh | -001
A41: 40 | B41: SL02068 | C41: ZEVER FARNONDES | D41: SO | E41: GTR08 | F41: PANJIM | G41: MANOHAR KUMAR JHA | H41: 351847 | I41: 46312 | J41: 3672 | K41: END | L41: 84 | N41: No stamp | W41: =IF(V41="Wrong - photo HAS timestamp + location","Timestamp + Location",IF(V41="Wrong - photo has NO stamp","No stamp",N41)) | X41: =IF(W41="Timestamp + Location","Yes","No") | Y41: Open photo | Z41: =J41&"|"&K41 | AA41: 60 | keh
A42: 41 | B42: SL02286 | C42: AMIT KUMAR SINGH | D42: ASE | E42: GTR03 A | F42: Lucknow | G42: SAURABH JAISWAL | H42: 349462 | I42: 46307 | J42: 1113 | K42: START | L42: 128 | N42: No stamp | R42: 7080, 804393 | U42: 2 - Employee uses stamps elsewhere | W42: =IF(V42="Wrong - photo HAS timestamp + location","Timestamp + Location",IF(V42="Wrong - photo has NO stamp","No stamp",N42)) | X42: =IF(W42="Timestamp + Location","Yes","No") | Y42: Open photo | Z42: =J42&"|"&K42 | AA42: 7080 | 60 | 90 | 50 | 100 | 804393 | DE | 20 | km/h | GN | ? | O
A43: 42 | B43: SL02286 | C43: AMIT KUMAR SINGH | D43: ASE | E43: GTR03 A | F43: Lucknow | G43: SAURABH JAISWAL | H43: 349462 | I43: 46307 | J43: 1113 | K43: END | L43: 128 | N43: Timestamp only (no location) | O43: 14-Oct-2026 | P43: 14:20 | R43: 802, 60576 | S43: [High] Photo dated after the claim date: Photo dated 14-Oct-2026, claim date 12-Oct-2026 | T43: High | U43: 1 - Red flag | W43: =IF(V43="Wrong - photo HAS timestamp + location","Timestamp + Location",IF(V43="Wrong - photo has NO stamp","No stamp",N43)) | X43: =IF(W43="Timestamp + Location","Yes","No") | Y43: Open photo | Z43: =J43&"|"&K43 | AA43: 06 | 9 | 品 | Oct 14. 2026 11:04:53 | 06 | 0802 | 60576 | 9 | OS | 品品 | Oct 14. 2026 11:04:53
A44: 43 | B44: SL02286 | C44: AMIT KUMAR SINGH | D44: ASE | E44: GTR03 A | F44: Lucknow | G44: SAURABH JAISWAL | H44: 349500 | I44: 46309 | J44: 1149 | K44: START | L44: 128 | N44: Timestamp + Location | O44: 14-Oct-2026 | P44: 14:20 | R44: 60576, 60576 | W44: =IF(V44="Wrong - photo HAS timestamp + location","Timestamp + Location",IF(V44="Wrong - photo has NO stamp","No stamp",N44)) | X44: =IF(W44="Timestamp + Location","Yes","No") | Y44: Open photo | Z44: =J44&"|"&K44 | AA44: 08.0 | 60576 | 09 | DS | 吊R号 | Oct 14.2026 11:05:13 | 51 Sitapur Road | Bakshi Ka Talab | Bargadi Magath | Lucknow Division | Uttar Pradesh | 802 | 60576 | km/h | 09 | OS | RR | Oct 14,2026 11:05:13 | 51 Sitapur Road | Bakshi Ka Talab | Bargadi Magath | Lucknow Division | Uttar Pradesh
A45: 44 | B45: SL02286 | C45: AMIT KUMAR SINGH | D45: ASE | E45: GTR03 A | F45: Lucknow | G45: SAURABH JAISWAL | H45: 349500 | I45: 46309 | J45: 1149 | K45: END | L45: 128 | N45: Timestamp + Location | O45: 14-Oct-2026 | P45: 20:25 | R45: 60643, 60643 | S45: [Medium] Reused photo: same as #45 (START, claim 349989, 15-Oct) | T45: Medium | U45: 1 - Red flag | W45: =IF(V45="Wrong - photo HAS timestamp + location","Timestamp + Location",IF(V45="Wrong - photo has NO stamp","No stamp",N45)) | X45: =IF(W45="Timestamp + Location","Yes","No") | Y45: Open photo | Z45: =J45&"|"&K45 | AA45: N | 080 | 60643 | 09 | DS | Oct 14, 2026 20:25:25 | D | CE | 吊 | Mubarakpur | Lucknow Division | Uttar Pradesh | 60643 | Oct 14, 2026 20:25:25 | Mubarakpur | Lucknow Division | Uttar Pradesh
A46: 45 | B46: SL02286 | C46: AMIT KUMAR SINGH | D46: ASE | E46: GTR03 A | F46: Lucknow | G46: SAURABH JAISWAL | H46: 349989 | I46: 46310 | J46: 1678 | K46: START | L46: 184 | N46: Timestamp + Location | O46: 14-Oct-2026 | P46: 20:25 | R46: 60643, 60643 | S46: [Medium] Stamp date does not match claim: Photo dated 14-Oct-2026, claim date 15-Oct-2026 | [Medium] Reused photo: same as #44 (END, claim 349500, 14-Oct) | T46: Medium | U46: 1 - Red flag | W46: =IF(V46="Wrong - photo HAS timestamp + location","Timestamp + Location",IF(V46="Wrong - photo has NO stamp","No stamp",N46)) | X46: =IF(W46="Timestamp + Location","Yes","No") | Y46: Open photo | Z46: =J46&"|"&K46 | AA46: N | 080 | 60643 | 09 | DS | Oct 14, 2026 20:25:25 | D | CE | 吊 | Mubarakpur | Lucknow Division | Uttar Pradesh | 60643 | Oct 14, 2026 20:25:25 | Mubarakpur | Lucknow Division | Uttar Pradesh
A47: 46 | B47: SL02286 | C47: AMIT KUMAR SINGH | D47: ASE | E47: GTR03 A | F47: Lucknow | G47: SAURABH JAISWAL | H47: 349989 | I47: 46310 | J47: 1678 | K47: END | L47: 184 | N47: Timestamp + Location | O47: 15-Oct-2026 | P47: 21:06 | R47: 60724, 60724 | S47: [Medium] Reused photo: same as #47 (START, claim 350537, 16-Oct) | T47: Medium | U47: 1 - Red flag | W47: =IF(V47="Wrong - photo HAS timestamp + location","Timestamp + Location",IF(V47="Wrong - photo has NO stamp","No stamp",N47)) | X47: =IF(W47="Timestamp + Location","Yes","No") | Y47: Open photo | Z47: =J47&"|"&K47 | AA47: 60724 | km/h | OS | OE | 02 | 31 | Oct 15, 2026 21:06:47 | Mubarakpur | Lucknow Division | Uttar Pradesh | 60724 | km/h | R | Oct 15, 2026 21:06:47 | Mubarakpur | Lucknow Division | Uttar Pradesh
A48: 47 | B48: SL02286 | C48: AMIT KUMAR SINGH | D48: ASE | E48: GTR03 A | F48: Lucknow | G48: SAURABH JAISWAL | H48: 350537 | I48: 46311 | J48: 2293 | K48: START | L48: 132 | N48: Timestamp + Location | O48: 15-Oct-2026 | P48: 21:06 | R48: 60724, 60724 | S48: [Medium] Stamp date does not match claim: Photo dated 15-Oct-2026, claim date 16-Oct-2026 | [Medium] Reused photo: same as #46 (END, claim 349989, 15-Oct) | T48: Medium | U48: 1 - Red flag | W48: =IF(V48="Wrong - photo HAS timestamp + location","Timestamp + Location",IF(V48="Wrong - photo has NO stamp","No stamp",N48)) | X48: =IF(W48="Timestamp + Location","Yes","No") | Y48: Open photo | Z48: =J48&"|"&K48 | AA48: 60724 | km/h | OS | OE | 02 | 31 | Oct 15, 2026 21:06:47 | Mubarakpur | Lucknow Division | Uttar Pradesh | 60724 | km/h | R | Oct 15, 2026 21:06:47 | Mubarakpur | Lucknow Division | Uttar Pradesh
A49: 48 | B49: SL02286 | C49: AMIT KUMAR SINGH | D49: ASE | E49: GTR03 A | F49: Lucknow | G49: SAURABH JAISWAL | H49: 350537 | I49: 46311 | J49: 2293 | K49: END | L49: 132 | N49: Timestamp + Location | O49: 16-Oct-2026 | P49: 19:20 | R49: 60792, 60792 | W49: =IF(V49="Wrong - photo HAS timestamp + location","Timestamp + Location",IF(V49="Wrong - photo has NO stamp","No stamp",N49)) | X49: =IF(W49="Timestamp + Location","Yes","No") | Y49: Open photo | Z49: =J49&"|"&K49 | AA49: NITION | 02 | NE | 0OL | 06 | 60792 | 95 | 品 | Oct 16, 2026 19:20:01 | Mubarakpur | Lucknow Division | UttarPradesh | 60792 | O5 | 品品 | Oct 16, 2026 19:20:01 | Mubarakpur | Lucknow Division | Uttar Pradesh
A50: 49 | B50: SL02458 | C50: SURESH KUMAR JENA | D50: SO | E50: GTR05 | F50: cuttack | G50: UMA SANKAR PATTANAIK | H50: 350082 | I50: 46310 | J50: 1782 | K50: START | L50: 276 | N50: Timestamp + Location | O50: 14-Oct-2026 | P50: 17:17 | R50: 15918 | S50: [Medium] Stamp date does not match claim: Photo dated 14-Oct-2026, claim date 15-Oct-2026 | T50: Medium | U50: 1 - Red flag | W50: =IF(V50="Wrong - photo HAS timestamp + location","Timestamp + Location",IF(V50="Wrong - photo has NO stamp","No stamp",N50)) | X50: =IF(W50="Timestamp + Location","Yes","No") | Y50: Open photo | Z50: =J50&"|"&K50 | AA50: 954.10 | 小 | 15918 | Oct 14,2026 5:17:21 PM | Athanga | Central Division | Odisha | 0ct 14, 2026-5:17:21 PM | Athanga | Central Division | Odisha
A51: 50 | B51: SL02458 | C51: SURESH KUMAR JENA | D51: SO | E51: GTR05 | F51: cuttack | G51: UMA SANKAR PATTANAIK | H51: 350082 | I51: 46310 | J51: 1782 | K51: END | L51: 276 | N51: Timestamp + Location | O51: 15-Oct-2026 | P51: 23:11 | R51: 159155 | W51: =IF(V51="Wrong - photo HAS timestamp + location","Timestamp + Location",IF(V51="Wrong - photo has NO stamp","No stamp",N51)) | X51: =IF(W51="Timestamp + Location","Yes","No") | Y51: Open photo | Z51: =J51&"|"&K51 | AA51: 80 | 10O | km/h | 89 | 923 | 120 | 159155 | Oct 15,2026 11:11:34 PM | Ghasiasahi Road | Mangalabag | Kataka | Central Division | Odisha | Oct 15, 2026 11:11:34 PM | Ghasiasahi Road | Mangalabag | Kataka | Central Division | Odisha
A52: 51 | B52: SL02480 | C52: B Venkataiah | D52: KAE | E52: South | F52: Hyderabad | G52: K.Purushotham | H52: 351812 | I52: 46311 | J52: 3646 | K52: START | L52: 100 | N52: No stamp | R52: 27894, 1000, 1000 | W52: =IF(V52="Wrong - photo HAS timestamp + location","Timestamp + Location",IF(V52="Wrong - photo has NO stamp","No stamp",N52)) | X52: =IF(W52="Timestamp + Location","Yes","No") | Y52: Open photo | Z52: =J52&"|"&K52 | AA52: 80 | 60 | 100 | 27894 | 120 | 40 | 910 | km | 8 | 140 | F | 7 | 20 | 6 | 3 | 6 | 1 | 160 | 5 | 4 | X1000 | r/min | km/h | N | 9 | 10 | km | 8 | F | 140 | 7 | 20 | 6 | 6 | 口 | 3 | 160 | 5 | 0 | X1000 | r/min | km/h | N | 3 | 2
A53: 52 | B53: SL02480 | C53: B Venkataiah | D53: KAE | E53: South | F53: Hyderabad | G53: K.Purushotham | H53: 351812 | I53: 46311 | J53: 3646 | K53: END | L53: 100 | N53: No stamp | R53: 27954, 1000, 1000 | S53: [Medium] Reused photo: same as #53 (START, claim 351825, 17-Oct) | T53: Medium | U53: 1 - Red flag | W53: =IF(V53="Wrong - photo HAS timestamp + location","Timestamp + Location",IF(V53="Wrong - photo has NO stamp","No stamp",N53)) | X53: =IF(W53="Timestamp + Location","Yes","No") | Y53: Open photo | Z53: =J53&"|"&K53 | AA53: 80 | 60 | 100 | 40 | 27954 | 120 | 910 | km | 8 | 11 | 140 | F | 6 | 20 | 422 | ® | 5 | 160 | 4 | X1000 | r/min | km/h | N | O | 3 | 7 | 140 | 20 | 6 | O | 160 | 5 | 0 | X1000 | r/min | 01 | km/h | 3 | N | 2
A54: 53 | B54: SL02480 | C54: B Venkataiah | D54: KAE | E54: South | F54: Hyderabad | G54: K.Purushotham | H54: 351825 | I54: 46312 | J54: 3656 | K54: START | L54: 40 | N54: No stamp | R54: 27954, 1000, 1000 | S54: [Medium] Reused photo: same as #52 (END, claim 351812, 16-Oct) | T54: Medium | U54: 1 - Red flag | W54: =IF(V54="Wrong - photo HAS timestamp + location","Timestamp + Location",IF(V54="Wrong - photo has NO stamp","No stamp",N54)) | X54: =IF(W54="Timestamp + Location","Yes","No") | Y54: Open photo | Z54: =J54&"|"&K54 | AA54: 80 | 60 | 100 | 40 | 27954 | 120 | 910 | km | 8 | 11 | 140 | F | 6 | 20 | 422 | ® | 5 | 160 | 4 | X1000 | r/min | km/h | N | O | 3 | 7 | 140 | 20 | 6 | O | 160 | 5 | 0 | X1000 | r/min | 01 | km/h | 3 | N | 2
A55: 54 | B55: SL02480 | C55: B Venkataiah | D55: KAE | E55: South | F55: Hyderabad | G55: K.Purushotham | H55: 351825 | I55: 46312 | J55: 3656 | K55: END | L55: 40 | N55: No stamp | R55: 279999, 1000, 4677 | W55: =IF(V55="Wrong - photo HAS timestamp + location","Timestamp + Location",IF(V55="Wrong - photo has NO stamp","No stamp",N55)) | X55: =IF(W55="Timestamp + Location","Yes","No") | Y55: Open photo | Z55: =J55&"|"&K55 | AA55: 80 | 60 | 100 | 40 | 279999 | 120 | / | 8 | 9 | 10 | km | 7 | 11 | E | 140 | F | 6 | 20 | 5 | 467 | O | 160 | 4 | x1000 | 0 | r/min | km/h | 3 | N | ID | 2 | 140- | 6 | 20 | 4677 | 5 | 160 | 4 | x1000 | 0 | r/min | km/h | ID | 3 | N | 2 | ☆
A56: 55 | B56: SL02611 | C56: Mahesh Kumar Gujjari | D56: SO | E56: South | F56: HYDERABAD | G56: K.Purushotham | H56: 348297 | I56: 46307 | J56: 217 | K56: START | L56: 168 | N56: No stamp | R56: 80300, 80300 | W56: =IF(V56="Wrong - photo HAS timestamp + location","Timestamp + Location",IF(V56="Wrong - photo has NO stamp","No stamp",N56)) | X56: =IF(W56="Timestamp + Location","Yes","No") | Y56: Open photo | Z56: =J56&"|"&K56 | AA56: 0 | ODC | 80300 | 80300 | kn/h | ODC
A57: 56 | B57: SL02611 | C57: Mahesh Kumar Gujjari | D57: SO | E57: South | F57: HYDERABAD | G57: K.Purushotham | H57: 348297 | I57: 46307 | J57: 217 | K57: END | L57: 168 | N57: No stamp | R57: 80377 | W57: =IF(V57="Wrong - photo HAS timestamp + location","Timestamp + Location",IF(V57="Wrong - photo has NO stamp","No stamp",N57)) | X57: =IF(W57="Timestamp + Location","Yes","No") | Y57: Open photo | Z57: =J57&"|"&K57 | AA57: 870 | ODO | 80377m | noh
A58: 57 | B58: SL02611 | C58: Mahesh Kumar Gujjari | D58: SO | E58: South | F58: HYDERABAD | G58: K.Purushotham | H58: 348925 | I58: 46308 | J58: 625 | K58: START | L58: 244 | N58: No stamp | R58: 80379 | W58: =IF(V58="Wrong - photo HAS timestamp + location","Timestamp + Location",IF(V58="Wrong - photo has NO stamp","No stamp",N58)) | X58: =IF(W58="Timestamp + Location","Yes","No") | Y58: Open photo | Z58: =J58&"|"&K58 | AA58: 0. | 80379元 | ODO | kr
A59: 58 | B59: SL02611 | C59: Mahesh Kumar Gujjari | D59: SO | E59: South | F59: HYDERABAD | G59: K.Purushotham | H59: 348925 | I59: 46308 | J59: 625 | K59: END | L59: 244 | N59: No stamp | R59: 80475 | W59: =IF(V59="Wrong - photo HAS timestamp + location","Timestamp + Location",IF(V59="Wrong - photo has NO stamp","No stamp",N59)) | X59: =IF(W59="Timestamp + Location","Yes","No") | Y59: Open photo | Z59: =J59&"|"&K59 | AA59: ODO | 80475.m
A60: 59 | B60: SL02611 | C60: Mahesh Kumar Gujjari | D60: SO | E60: South | F60: HYDERABAD | G60: K.Purushotham | H60: 349766 | I60: 46310 | J60: 1423 | K60: START | L60: 64 | N60: No stamp | R60: 80498, 80498 | U60: 3 - Random sample (no stamp) | W60: =IF(V60="Wrong - photo HAS timestamp + location","Timestamp + Location",IF(V60="Wrong - photo has NO stamp","No stamp",N60)) | X60: =IF(W60="Timestamp + Location","Yes","No") | Y60: Open photo | Z60: =J60&"|"&K60 | AA60: 0 | ODO | 80498 | 80498. | oDO
A61: 60 | B61: SL02611 | C61: Mahesh Kumar Gujjari | D61: SO | E61: South | F61: HYDERABAD | G61: K.Purushotham | H61: 349766 | I61: 46310 | J61: 1423 | K61: END | L61: 64 | N61: No stamp | R61: 80549 | W61: =IF(V61="Wrong - photo HAS timestamp + location","Timestamp + Location",IF(V61="Wrong - photo has NO stamp","No stamp",N61)) | X61: =IF(W61="Timestamp + Location","Yes","No") | Y61: Open photo | Z61: =J61&"|"&K61 | AA61: 0.3 | ODO | 80549 | km
A62: 61 | B62: SL02670 | C62: RAMAKANTA SAHU | D62: SO | E62: GTR05 | F62: BALANGIRI | G62: UMA SANKAR PATTANAIK | H62: 351558 | I62: 46311 | J62: 3476 | K62: START | L62: 584 | N62: Timestamp + Location | O62: 16-Oct-2026 | P62: 09:04 | R62: 16540 | W62: =IF(V62="Wrong - photo HAS timestamp + location","Timestamp + Location",IF(V62="Wrong - photo has NO stamp","No stamp",N62)) | X62: =IF(W62="Timestamp + Location","Yes","No") | Y62: Open photo | Z62: =J62&"|"&K62 | AA62: TRIP | 614.7 | Ikm | 16540 | Ikm | ODO | 16 0ct 2026 09:04:08 | Loisingha | Northern Division | Odisha | ODO | E | 16 0ct 2026 09:04:08 | Loisingha | Northern Division | Odisha
A63: 62 | B63: SL02670 | C63: RAMAKANTA SAHU | D63: SO | E63: GTR05 | F63: BALANGIRI | G63: UMA SANKAR PATTANAIK | H63: 351558 | I63: 46311 | J63: 3476 | K63: END | L63: 584 | N63: Timestamp + Location | O63: 16-Oct-2026 | P63: 21:50 | R63: 165547 | W63: =IF(V63="Wrong - photo HAS timestamp + location","Timestamp + Location",IF(V63="Wrong - photo has NO stamp","No stamp",N63)) | X63: =IF(W63="Timestamp + Location","Yes","No") | Y63: Open photo | Z63: =J63&"|"&K63 | AA63: TRIP | 512 | 76 | km | 165547 | Ikm | ODO | 16 0ct 2026 21:50:40 | Loisingha | Northern Division | Odisha | 16 0ct 2026 21:50:40 | Loisingha | Northern Division | Odisha
A64: 63 | B64: SL02671 | C64: IBRAR ALAM | D64: SR | E64: GTR02 | F64: EAST DELHI | G64: RAHUL GAUTAM | H64: 352100 | I64: 46312 | J64: 3900 | K64: START | L64: 64 | N64: No stamp | R64: 506070, 493229 | W64: =IF(V64="Wrong - photo HAS timestamp + location","Timestamp + Location",IF(V64="Wrong - photo has NO stamp","No stamp",N64)) | X64: =IF(W64="Timestamp + Location","Yes","No") | Y64: Open photo | Z64: =J64&"|"&K64 | AA64: 506070 | 40 | 493229 | 80 | 30 | 90 | 20 | 10
A65: 64 | B65: SL02671 | C65: IBRAR ALAM | D65: SR | E65: GTR02 | F65: EAST DELHI | G65: RAHUL GAUTAM | H65: 352100 | I65: 46312 | J65: 3900 | K65: END | L65: 64 | N65: No stamp | R65: 493739 | W65: =IF(V65="Wrong - photo HAS timestamp + location","Timestamp + Location",IF(V65="Wrong - photo has NO stamp","No stamp",N65)) | X65: =IF(W65="Timestamp + Location","Yes","No") | Y65: Open photo | Z65: =J65&"|"&K65 | AA65: 493739
A66: 65 | B66: SL02826 | C66: KIRAN KUMAR NAYAK | D66: SR | E66: GTR08 | F66: BANGALORE | G66: GANGADHARAM K | H66: 348314 | I66: 46307 | J66: 232 | K66: START | L66: 80 | N66: No stamp | R66: 56594 | U66: 2 - Employee uses stamps elsewhere | W66: =IF(V66="Wrong - photo HAS timestamp + location","Timestamp + Location",IF(V66="Wrong - photo has NO stamp","No stamp",N66)) | X66: =IF(W66="Timestamp + Location","Yes","No") | Y66: Open photo | Z66: =J66&"|"&K66 | AA66: 0 | SORO | H | 56594 | km
A67: 66 | B67: SL02826 | C67: KIRAN KUMAR NAYAK | D67: SR | E67: GTR08 | F67: BANGALORE | G67: GANGADHARAM K | H67: 348314 | I67: 46307 | J67: 232 | K67: END | L67: 80 | N67: No stamp | U67: 2 - Employee uses stamps elsewhere | W67: =IF(V67="Wrong - photo HAS timestamp + location","Timestamp + Location",IF(V67="Wrong - photo has NO stamp","No stamp",N67)) | X67: =IF(W67="Timestamp + Location","Yes","No") | Y67: Open photo | Z67: =J67&"|"&K67 | AA67: m
A68: 67 | B68: SL02826 | C68: KIRAN KUMAR NAYAK | D68: SR | E68: GTR08 | F68: BANGALORE | G68: GANGADHARAM K | H68: 348590 | I68: 46308 | J68: 346 | K68: START | L68: 72 | N68: No stamp | R68: 5852.4 | U68: 2 - Employee uses stamps elsewhere | W68: =IF(V68="Wrong - photo HAS timestamp + location","Timestamp + Location",IF(V68="Wrong - photo has NO stamp","No stamp",N68)) | X68: =IF(W68="Timestamp + Location","Yes","No") | Y68: Open photo | Z68: =J68&"|"&K68 | AA68: 20 | 9M6 | 5852.4 | km
A69: 68 | B69: SL02826 | C69: KIRAN KUMAR NAYAK | D69: SR | E69: GTR08 | F69: BANGALORE | G69: GANGADHARAM K | H69: 348590 | I69: 46308 | J69: 346 | K69: END | L69: 72 | N69: No stamp | R69: 8506 | U69: 2 - Employee uses stamps elsewhere | W69: =IF(V69="Wrong - photo HAS timestamp + location","Timestamp + Location",IF(V69="Wrong - photo has NO stamp","No stamp",N69)) | X69: =IF(W69="Timestamp + Location","Yes","No") | Y69: Open photo | Z69: =J69&"|"&K69 | AA69: 8506
A70: 69 | B70: SL02826 | C70: KIRAN KUMAR NAYAK | D70: SR | E70: GTR08 | F70: BANGALORE | G70: GANGADHARAM K | H70: 350572 | I70: 46309 | J70: 2339 | K70: START | L70: 60 | N70: Timestamp + Location | O70: 15-Oct-2026 | Q70: Timestamp Camera | S70: [High] Photo dated after the claim date: Photo dated 15-Oct-2026, claim date 14-Oct-2026 | T70: High | U70: 1 - Red flag | W70: =IF(V70="Wrong - photo HAS timestamp + location","Timestamp + Location",IF(V70="Wrong - photo has NO stamp","No stamp",N70)) | X70: =IF(W70="Timestamp + Location","Yes","No") | Y70: Open photo | Z70: =J70&"|"&K70 | AA70: Captured by Timestamp Camera | #Timestamp Camera | 15/10/202611:10AMGMT+05:30 | Byraveshwara Jndustrial Estate,Bengaluru,Karnataka, | 13.00203N.77.4916E | Timestamp camera | Captured by Timestamp Camera | #Timestamp Camera | 15/10/202611:10AMGMT+05:30 | Byraveshwara Jndustrial Estate,Bengaluru,Karnataka, | 13.00203N.77.4916E | Timestamp camera
A71: 70 | B71: SL02826 | C71: KIRAN KUMAR NAYAK | D71: SR | E71: GTR08 | F71: BANGALORE | G71: GANGADHARAM K | H71: 350572 | I71: 46309 | J71: 2339 | K71: END | L71: 60 | N71: Timestamp + Location | O71: 16-Oct-2026 | Q71: 13.00196, 77.49167, Timestamp Camera | S71: [High] Photo dated after the claim date: Photo dated 16-Oct-2026, claim date 14-Oct-2026 | [Medium] Reused photo: same as #71 (START, claim 350585, 15-Oct) | T71: High | U71: 1 - Red flag | W71: =IF(V71="Wrong - photo HAS timestamp + location","Timestamp + Location",IF(V71="Wrong - photo has NO stamp","No stamp",N71)) | X71: =IF(W71="Timestamp + Location","Yes","No") | Y71: Open photo | Z71: =J71&"|"&K71 | AA71: Camera | Captured by Timestamp Camera | #Timestamp Camera | 16/10/202610:06AMGMT+05-30 | StateBankof India Colony,Bengaluru,Karnataka, | 13.00196°N,77.49167E | Timestamp camera | Captured by Timestamp Camera | #Timestamp Camera | 16/10/202610:06AMGMT+05-30 | StateBankof India Colony,Bengaluru,Karnataka, | 13.00196°N.77.49167°E | Timestampcamera
A72: 71 | B72: SL02826 | C72: KIRAN KUMAR NAYAK | D72: SR | E72: GTR08 | F72: BANGALORE | G72: GANGADHARAM K | H72: 350585 | I72: 46310 | J72: 2349 | K72: START | L72: 92 | N72: Timestamp + Location | O72: 16-Oct-2026 | Q72: 13.00196, 77.49167, Timestamp Camera | S72: [High] Photo dated after the claim date: Photo dated 16-Oct-2026, claim date 15-Oct-2026 | [Medium] Reused photo: same as #70 (END, claim 350572, 14-Oct) | T72: High | U72: 1 - Red flag | W72: =IF(V72="Wrong - photo HAS timestamp + location","Timestamp + Location",IF(V72="Wrong - photo has NO stamp","No stamp",N72)) | X72: =IF(W72="Timestamp + Location","Yes","No") | Y72: Open photo | Z72: =J72&"|"&K72 | AA72: Camera | Captured by Timestamp Camera | #Timestamp Camera | 16/10/202610:06AMGMT+05-30 | StateBankof India Colony,Bengaluru,Karnataka, | 13.00196°N,77.49167E | Timestamp camera | Captured by Timestamp Camera | #Timestamp Camera | 16/10/202610:06AMGMT+05-30 | StateBankof India Colony,Bengaluru,Karnataka, | 13.00196°N.77.49167°E | Timestampcamera
A73: 72 | B73: SL02826 | C73: KIRAN KUMAR NAYAK | D73: SR | E73: GTR08 | F73: BANGALORE | G73: GANGADHARAM K | H73: 350585 | I73: 46310 | J73: 2349 | K73: END | L73: 92 | N73: Timestamp + Location | O73: 16-Oct-2026 | Q73: 13.00196, 77.49167, Timestamp Camera | S73: [High] Photo dated after the claim date: Photo dated 16-Oct-2026, claim date 15-Oct-2026 | T73: High | U73: 1 - Red flag | W73: =IF(V73="Wrong - photo HAS timestamp + location","Timestamp + Location",IF(V73="Wrong - photo has NO stamp","No stamp",N73)) | X73: =IF(W73="Timestamp + Location","Yes","No") | Y73: Open photo | Z73: =J73&"|"&K73 | AA73: E06 | CapturedbyTimestampCamera | #Timestamp Camera | 16/10/202610:17PMGMT+05:30 | StateBankofIndia Colony,Bengaluru,Karnataka, | 13.00196°N,77.49167°E | Timestampcamera | CapturedbyTimestampCamera | #Timestamp Camera | 16/10/202610:17PMGMT+05:30 | StateBankof India Colony,Bengaluru,Karnataka, | 13.00196°N,77.49167°E | Timestampcamera
A74: 73 | B74: SL02826 | C74: KIRAN KUMAR NAYAK | D74: SR | E74: GTR08 | F74: BANGALORE | G74: GANGADHARAM K | H74: 350566 | I74: 46311 | J74: 2333 | K74: START | L74: 200 | N74: No stamp | R74: 7080, 58854, 200 | U74: 2 - Employee uses stamps elsewhere | W74: =IF(V74="Wrong - photo HAS timestamp + location","Timestamp + Location",IF(V74="Wrong - photo has NO stamp","No stamp",N74)) | X74: =IF(W74="Timestamp + Location","Yes","No") | Y74: Open photo | Z74: =J74&"|"&K74 | AA74: 70 80 g0 | 60 | 50 | 100 | 40 | 58854 | 0200 | 110 | 120 | 130 | 140 | km/h | i3s | TLRN | 140 | km/h | i3s | O | TLIRN
A75: 74 | B75: SL02826 | C75: KIRAN KUMAR NAYAK | D75: SR | E75: GTR08 | F75: BANGALORE | G75: GANGADHARAM K | H75: 350566 | I75: 46311 | J75: 2333 | K75: END | L75: 200 | N75: No stamp | R75: 589394 | U75: 2 - Employee uses stamps elsewhere | W75: =IF(V75="Wrong - photo HAS timestamp + location","Timestamp + Location",IF(V75="Wrong - photo has NO stamp","No stamp",N75)) | X75: =IF(W75="Timestamp + Location","Yes","No") | Y75: Open photo | Z75: =J75&"|"&K75 | AA75: 60 | 50 | 589394 | 3
A76: 75 | B76: SL02930 | C76: A. SURESH GOUD | D76: SR | E76: GTR07 | F76: Jadcherla | G76: B BHASKAR | H76: 351802 | I76: 46312 | J76: 3635 | K76: START | L76: 192 | N76: No stamp | R76: 37427 | W76: =IF(V76="Wrong - photo HAS timestamp + location","Timestamp + Location",IF(V76="Wrong - photo has NO stamp","No stamp",N76)) | X76: =IF(W76="Timestamp + Location","Yes","No") | Y76: Open photo | Z76: =J76&"|"&K76 | AA76: 80 | 60 | 100 | 40 | 37427 | 20 | 140 | 20
A77: 76 | B77: SL02930 | C77: A. SURESH GOUD | D77: SR | E77: GTR07 | F77: Jadcherla | G77: B BHASKAR | H77: 351802 | I77: 46312 | J77: 3635 | K77: END | L77: 192 | N77: No stamp | R77: 374758 | W77: =IF(V77="Wrong - photo HAS timestamp + location","Timestamp + Location",IF(V77="Wrong - photo has NO stamp","No stamp",N77)) | X77: =IF(W77="Timestamp + Location","Yes","No") | Y77: Open photo | Z77: =J77&"|"&K77 | AA77: BO | 60 | 100 | 374758 | 40 | 120 | 20 | 140 | 20 | 140
A78: 77 | B78: SL03071 | C78: Bhavana Yadav | D78: SO | E78: West | F78: RAIPUR | G78: POKHRAJ KUMAR SAHU | H78: 349124 | I78: 46307 | J78: 794 | K78: START | L78: 264 | N78: No stamp | R78: 52599 | U78: 2 - Employee uses stamps elsewhere | W78: =IF(V78="Wrong - photo HAS timestamp + location","Timestamp + Location",IF(V78="Wrong - photo has NO stamp","No stamp",N78)) | X78: =IF(W78="Timestamp + Location","Yes","No") | Y78: Open photo | Z78: =J78&"|"&K78 | AA78: 60 | 80 | NiliL | ECONOMY | 52599 | km
A79: 78 | B79: SL03071 | C79: Bhavana Yadav | D79: SO | E79: West | F79: RAIPUR | G79: POKHRAJ KUMAR SAHU | H79: 349124 | I79: 46307 | J79: 794 | K79: END | L79: 264 | N79: Timestamp + Location | O79: 12-Oct-2026 | P79: 20:26 | R79: 52700 | W79: =IF(V79="Wrong - photo HAS timestamp + location","Timestamp + Location",IF(V79="Wrong - photo has NO stamp","No stamp",N79)) | X79: =IF(W79="Timestamp + Location","Yes","No") | Y79: Open photo | Z79: =J79&"|"&K79 | AA79: 50 | 40 | 80 | ECONOMY | 52700gkm | km/h | 65 Dudhadhari Mandir Road | Mahamai Para | Raipur Division | Chhattisgarh | km/h | E | E | Oct 12, 2026 8:26:18 PM | 65 Dudhadhari Mandir Road | Mahamai Para | Raipur Division | Chhattisgarh
A80: 79 | B80: SL03071 | C80: Bhavana Yadav | D80: SO | E80: West | F80: RAIPUR | G80: POKHRAJ KUMAR SAHU | H80: 349125 | I80: 46308 | J80: 796 | K80: START | L80: 24 | N80: Timestamp + Location | O80: 13-Oct-2026 | P80: 09:44 | R80: 527029, 527029 | W80: =IF(V80="Wrong - photo HAS timestamp + location","Timestamp + Location",IF(V80="Wrong - photo has NO stamp","No stamp",N80)) | X80: =IF(W80="Timestamp + Location","Yes","No") | Y80: Open photo | Z80: =J80&"|"&K80 | AA80: 60 | 40 | 80 | AiliL | 100 | ECONOMY | 527029km | km/h | GM- | Oct13,20269:44:54AM | 45Budha Talab | F | Purani Basti | Raipur Division | Chhattisgarh | ECONOVY | 527029 | km/h | Oct 13, 2026 9:44:54 AM | 45 Budha Talab | F | Purani Basti | Raipur Division | Chhattisgarh
A81: 80 | B81: SL03071 | C81: Bhavana Yadav | D81: SO | E81: West | F81: RAIPUR | G81: POKHRAJ KUMAR SAHU | H81: 349125 | I81: 46308 | J81: 796 | K81: END | L81: 24 | N81: Timestamp + Location | O81: 13-Oct-2026 | P81: 18:51 | R81: 52743 | W81: =IF(V81="Wrong - photo HAS timestamp + location","Timestamp + Location",IF(V81="Wrong - photo has NO stamp","No stamp",N81)) | X81: =IF(W81="Timestamp + Location","Yes","No") | Y81: Open photo | Z81: =J81&"|"&K81 | AA81: 80 | 10 | 60 | 40 | AiliZ | km | ECONOMY | 52743 | FUELINJECTION | Oct 13, 2026 6:51:24 PM | Mahamai Para | Raipur Division | Chhattisgarh | FUELINJECTION | Oct 13, 2026 6:51:24 PM | Mahamai Para | Raipur Division | Chhattisgarh
A82: 81 | B82: SL03071 | C82: Bhavana Yadav | D82: SO | E82: West | F82: RAIPUR | G82: POKHRAJ KUMAR SAHU | H82: 350703 | I82: 46311 | J82: 2495 | K82: START | L82: 20 | N82: Timestamp + Location | O82: 16-Oct-2026 | P82: 16:20 | R82: 52810 | W82: =IF(V82="Wrong - photo HAS timestamp + location","Timestamp + Location",IF(V82="Wrong - photo has NO stamp","No stamp",N82)) | X82: =IF(W82="Timestamp + Location","Yes","No") | Y82: Open photo | Z82: =J82&"|"&K82 | AA82: 40 | 20 | ECONOMY | 52810gkm | F | Oct 16.2026 9:46:10 AM | 65 Dudhadhari Mandir Road | Mahamai Para | Raipur Division | Chhattisgarh | Oct 16. 2026 9:46:10 AM | 65 Dudhadhari Mandir Road | Mahamai Para | Raipur Division | Chhattisgarh
A83: 82 | B83: SL03071 | C83: Bhavana Yadav | D83: SO | E83: West | F83: RAIPUR | G83: POKHRAJ KUMAR SAHU | H83: 350703 | I83: 46311 | J83: 2495 | K83: END | L83: 20 | N83: Timestamp + Location | O83: 16-Oct-2026 | P83: 18:35 | R83: 52850 | W83: =IF(V83="Wrong - photo HAS timestamp + location","Timestamp + Location",IF(V83="Wrong - photo has NO stamp","No stamp",N83)) | X83: =IF(W83="Timestamp + Location","Yes","No") | Y83: Open photo | Z83: =J83&"|"&K83 | AA83: 60 | 40 | AiLi | 100 | ECONOMY | 52850km | km/h | Oct 16, 2026 6:35:45 PM | Janta Colony | Raipur Division | Chhattisgarh | Oct 16, 2026 6:35:45 PM | Janta Colony | Raipur Division | Chhattisgarh
A84: 83 | B84: SL03290 | C84: MILI AHIRWAR | D84: SR | E84: East | F84: Bhopal | G84: POKHRAJ KUMAR SAHU | H84: 352627 | I84: 46311 | J84: 4150 | K84: START | L84: 292 | N84: No stamp | R84: 27325 | U84: 2 - Employee uses stamps elsewhere | W84: =IF(V84="Wrong - photo HAS timestamp + location","Timestamp + Location",IF(V84="Wrong - photo has NO stamp","No stamp",N84)) | X84: =IF(W84="Timestamp + Location","Yes","No") | Y84: Open photo | Z84: =J84&"|"&K84 | AA84: 80 | 00 | 60 | km/h | 40 | Aili | 27325km | 20 | 160c1202611:58:17am | Bhanpur | Bhopal Division | MadhyaPradesh | 1601202611.5B.17am | Bhanpur | Bhopal Division | Madhya Pradesh
A85: 84 | B85: SL03290 | C85: MILI AHIRWAR | D85: SR | E85: East | F85: Bhopal | G85: POKHRAJ KUMAR SAHU | H85: 352627 | I85: 46311 | J85: 4150 | K85: END | L85: 292 | N85: Timestamp + Location | O85: 16-Oct-2026 | R85: 274332, 274332 | W85: =IF(V85="Wrong - photo HAS timestamp + location","Timestamp + Location",IF(V85="Wrong - photo has NO stamp","No stamp",N85)) | X85: =IF(W85="Timestamp + Location","Yes","No") | Y85: Open photo | Z85: =J85&"|"&K85 | AA85: 60 | 40 | 80 | AiliLz | ECONOMY | 274332 | km | 160ct20266.2pm | BelthediBirma | Bhopalivision | MadhyaPradesh | 160ct20266.2/6pm | BelthediBirma | Bhopal Mivision | Madhya Pradesh | UOISN. | radesh | 口 | Bhopal | Madhya | 274332km | 160ct2026 | 山
A86: 85 | B86: SL03532 | C86: SURENDRAN R | D86: KAE | E86: South | F86: CHENNAI | G86: Gouri Shankar | H86: 351131 | I86: 46308 | J86: 3024 | K86: START | L86: 192 | N86: No stamp | U86: 2 - Employee uses stamps elsewhere | W86: =IF(V86="Wrong - photo HAS timestamp + location","Timestamp + Location",IF(V86="Wrong - photo has NO stamp","No stamp",N86)) | X86: =IF(W86="Timestamp + Location","Yes","No") | Y86: Open photo | Z86: =J86&"|"&K86 | AA86: 日0 | 60 | 00 | 40634233 | 20 | 117
A87: 86 | B87: SL03532 | C87: SURENDRAN R | D87: KAE | E87: South | F87: CHENNAI | G87: Gouri Shankar | H87: 351131 | I87: 46308 | J87: 3024 | K87: END | L87: 192 | N87: Timestamp + Location | O87: 13-Oct-2026 | P87: 19:53 | Q87: 13.03286, 80.19661 | R87: 63506 | U87: 3 - Random sample (stamped) | W87: =IF(V87="Wrong - photo HAS timestamp + location","Timestamp + Location",IF(V87="Wrong - photo has NO stamp","No stamp",N87)) | X87: =IF(W87="Timestamp + Location","Yes","No") | Y87: Open photo | Z87: =J87&"|"&K87 | AA87: 100 | 120 | 0#63506@> | 140 | epsMapCamera | Chennai, Tamil Nadu, India | 5 Y, Mgr Nagar, Nesapakkam, Chennai, Tamil | Nadu 600078,India | Google | Lat 13.032862°Long 80.196608° | Tuesday, 13/10/2026 07:53 PM GMT +05:30 | km/h | GpSMapCimara | Chennai, Tamil Nadu, India | 5 Y, Mgr Nagar, Nesapakkam, Chennai, Tamil | Nadu 600078. India | Lat 13.032862* Long 80.196608* | Google | Tuesday, 13/10/2026 07:53 PM CMT +05:30
A88: 87 | B88: SL03612 | C88: RAJ KUMAR PAL | D88: SR | E88: GTR03 A | F88: LUCKNOW | G88: SAURABH JAISWAL | H88: 348531 | I88: 46307 | J88: 313 | K88: START | L88: 232 | N88: No stamp | R88: 445627 | U88: 2 - Employee uses stamps elsewhere | W88: =IF(V88="Wrong - photo HAS timestamp + location","Timestamp + Location",IF(V88="Wrong - photo has NO stamp","No stamp",N88)) | X88: =IF(W88="Timestamp + Location","Yes","No") | Y88: Open photo | Z88: =J88&"|"&K88 | AA88: 50 | 100 | 40 | 445627 | 110 | 30 | km | 120 | 20 | 130 | 10 | Sderdou+ | 140 | km/h | 130 | Slerdov | 140 | km/h | K
A89: 88 | B89: SL03612 | C89: RAJ KUMAR PAL | D89: SR | E89: GTR03 A | F89: LUCKNOW | G89: SAURABH JAISWAL | H89: 348531 | I89: 46307 | J89: 313 | K89: END | L89: 232 | N89: Timestamp + Location | O89: 12-Oct-2026 | P89: 21:39 | Q89: Index-number stamp app | R89: 44455 | W89: =IF(V89="Wrong - photo HAS timestamp + location","Timestamp + Location",IF(V89="Wrong - photo has NO stamp","No stamp",N89)) | X89: =IF(W89="Timestamp + Location","Yes","No") | Y89: Open photo | Z89: =J89&"|"&K89 | AA89: 70 | 08 | 60 | D6 | 50 | 100 | 40 | 44455 | 30 | km | 12 | 20 | 130 | 10 | 140 | km/ | 12 0ct 2026 21:39:46 | Mohan Road | Rajajipuram | Lucknow Division | Uttar Pradesh | Index number: 382 | 10 | Spiencdoy | 140 | km/ | 12 0ct 2026 21:39:46 | Mohan Road | Rajajipuram | Lucknow Division | Uttar Pradesh | Index number: 382
A90: 89 | B90: SL03612 | C90: RAJ KUMAR PAL | D90: SR | E90: GTR03 A | F90: LUCKNOW | G90: SAURABH JAISWAL | H90: 348958 | I90: 46308 | J90: 664 | K90: START | L90: 116 | N90: Timestamp + Location | O90: 13-Oct-2026 | P90: 07:24 | Q90: Index-number stamp app | R90: 444560 | W90: =IF(V90="Wrong - photo HAS timestamp + location","Timestamp + Location",IF(V90="Wrong - photo has NO stamp","No stamp",N90)) | X90: =IF(W90="Timestamp + Location","Yes","No") | Y90: Open photo | Z90: =J90&"|"&K90 | AA90: 6070 8090 | 100 | 50 | 110 | 40 | 444560 | lm | 120 | 30 | 130 | 140 | km/h | 13 0ct 2026 07:24:41 | Mohan Road | Rajajipuram | Lucknow Division | Uttar Pradesh | Index number: 383 | 13 0ct 2026 07:24:41 | Mohan Road | Rajajipuram | Lucknow Division | Uttar Pradesh | Index number: 383
A91: 90 | B91: SL03612 | C91: RAJ KUMAR PAL | D91: SR | E91: GTR03 A | F91: LUCKNOW | G91: SAURABH JAISWAL | H91: 348958 | I91: 46308 | J91: 664 | K91: END | L91: 116 | N91: Timestamp + Location | O91: 13-Oct-2026 | P91: 19:00 | Q91: Index-number stamp app | R91: 445206 | W91: =IF(V91="Wrong - photo HAS timestamp + location","Timestamp + Location",IF(V91="Wrong - photo has NO stamp","No stamp",N91)) | X91: =IF(W91="Timestamp + Location","Yes","No") | Y91: Open photo | Z91: =J91&"|"&K91 | AA91: 100 | 50 | 110 | 40 | 445206 | 20 | 30 | 30 | 20 | 10 | lenclov140 | km/h | TUIRN | 13 0ct 2026 19:00:29 | BuddheswarLucknow | Lucknow Division | Uttar Pradesh | Index number.384 | TURN | 13 0ct 2026 19:00:29 | BuddheswarLucknow | Lucknow Division | Uttar Pradesh | Index number. 384
A92: 91 | B92: SL03612 | C92: RAJ KUMAR PAL | D92: SR | E92: GTR03 A | F92: LUCKNOW | G92: SAURABH JAISWAL | H92: 349585 | I92: 46309 | J92: 1235 | K92: START | L92: 148 | N92: Timestamp + Location | O92: 14-Oct-2026 | P92: 08:31 | Q92: Index-number stamp app | R92: 44526 | W92: =IF(V92="Wrong - photo HAS timestamp + location","Timestamp + Location",IF(V92="Wrong - photo has NO stamp","No stamp",N92)) | X92: =IF(W92="Timestamp + Location","Yes","No") | Y92: Open photo | Z92: =J92&"|"&K92 | AA92: 08 | 70 | 90 | 60 | 50 | 100 | 3 | 40 | 44526 | 110 | 30 | km | 120 | 20 | 130 | 10 | Splendov+ | 140 | km/h | 14 0ct 2026 08:31:51 | Mohan Road | Lucknow Division | Uttar Pradesh | Index number:385 | km/h | 14 0ct 2026 08:31:51 | Mohan Road | Lucknow Division | Uttar Pradesh | Index number: 385
A93: 92 | B93: SL03612 | C93: RAJ KUMAR PAL | D93: SR | E93: GTR03 A | F93: LUCKNOW | G93: SAURABH JAISWAL | H93: 349585 | I93: 46309 | J93: 1235 | K93: END | L93: 148 | N93: Timestamp + Location | O93: 14-Oct-2026 | P93: 22:25 | Q93: Index-number stamp app | R93: 60708, 44598 | W93: =IF(V93="Wrong - photo HAS timestamp + location","Timestamp + Location",IF(V93="Wrong - photo has NO stamp","No stamp",N93)) | X93: =IF(W93="Timestamp + Location","Yes","No") | Y93: Open photo | Z93: =J93&"|"&K93 | AA93: 80g0 | 6070 8 | 100 | 50 | 40 | 44598 | 品品品 | 130 | 140 | Splendovt | km/h | 14 0ct 2026 22:25:05 | Monan Road | Rajajipuram | Lucknow Division | Uttar Pradesh | Index number: 386 | +140 | Splemdov | km/h | 8 | 14 0ct 2026 22:25:05 | Monan Road | Rajajipuram | Lucknow Division | Uttar Pradesh | Index number: 386
A94: 93 | B94: SL03612 | C94: RAJ KUMAR PAL | D94: SR | E94: GTR03 A | F94: LUCKNOW | G94: SAURABH JAISWAL | H94: 350092 | I94: 46310 | J94: 1798 | K94: START | L94: 152 | N94: Timestamp + Location | O94: 15-Oct-2026 | P94: 08:31 | Q94: Index-number stamp app | R94: 44598 | W94: =IF(V94="Wrong - photo HAS timestamp + location","Timestamp + Location",IF(V94="Wrong - photo has NO stamp","No stamp",N94)) | X94: =IF(W94="Timestamp + Location","Yes","No") | Y94: Open photo | Z94: =J94&"|"&K94 | AA94: 80 | 70 | 90 | 60 | 100 | 50 | 110 | 40 | 44598 | km | 120 | 30 | 130 | 20 | 10 | lencov+140 | km/h | 15 0ct 2026 08:31:24 | Mohan Road | Lucknow Division | Uttar Pradesh | Index number.387 | 130 | 20 | 140 | km/h | 15 0ct 2026 08:31:24 | Mohan Road | Lucknow Division | Uttar Pradesh | Index number. 387
A95: 94 | B95: SL03612 | C95: RAJ KUMAR PAL | D95: SR | E95: GTR03 A | F95: LUCKNOW | G95: SAURABH JAISWAL | H95: 350092 | I95: 46310 | J95: 1798 | K95: END | L95: 152 | N95: Timestamp + Location | O95: 15-Oct-2026 | P95: 21:59 | Q95: Index-number stamp app | R95: 6070, 44636 | W95: =IF(V95="Wrong - photo HAS timestamp + location","Timestamp + Location",IF(V95="Wrong - photo has NO stamp","No stamp",N95)) | X95: =IF(W95="Timestamp + Location","Yes","No") | Y95: Open photo | Z95: =J95&"|"&K95 | AA95: 80g0 | 6070 | 50 | 100 | 40 | 44636 | 15 | lm | 120 | 20 | 130 | 10 | 140 | km/h | 15 0ct 2026 21:59:14 | BuddheswarLucknow | Lucknow Division | Uttar Pradesh | Index number: 388 | 140 | km/h | 15 0ct 2026 21:59:14 | BuddheswarLucknow | Lucknow Division | Uttar Pradesh | Index number: 388
A96: 95 | B96: SL03612 | C96: RAJ KUMAR PAL | D96: SR | E96: GTR03 A | F96: LUCKNOW | G96: SAURABH JAISWAL | H96: 350663 | I96: 46311 | J96: 2452 | K96: START | L96: 136 | N96: Timestamp + Location | O96: 16-Oct-2026 | P96: 08:31 | Q96: Index-number stamp app | R96: 446364 | W96: =IF(V96="Wrong - photo HAS timestamp + location","Timestamp + Location",IF(V96="Wrong - photo has NO stamp","No stamp",N96)) | X96: =IF(W96="Timestamp + Location","Yes","No") | Y96: Open photo | Z96: =J96&"|"&K96 | AA96: 60 | 100 | 50 | 110 | 40 | 446364 | km | 120 | 30 | 130 | 20 | Splendov+140 | km/h | 16 0ct 2026 08:31:55 | Mohan Road | Rajajipuram | Lucknow Division | Uttar Pradesh | Index number: 389 | km/h | 16 0ct 2026 08:31:55 | Mohan Road | Rajajipuram | Lucknow Division | Uttar Pradesh | Index number: 389
A97: 96 | B97: SL03612 | C97: RAJ KUMAR PAL | D97: SR | E97: GTR03 A | F97: LUCKNOW | G97: SAURABH JAISWAL | H97: 350663 | I97: 46311 | J97: 2452 | K97: END | L97: 136 | N97: Timestamp + Location | O97: 16-Oct-2026 | P97: 22:08 | Q97: Index-number stamp app | R97: 7080, 44710 | W97: =IF(V97="Wrong - photo HAS timestamp + location","Timestamp + Location",IF(V97="Wrong - photo has NO stamp","No stamp",N97)) | X97: =IF(W97="Timestamp + Location","Yes","No") | Y97: Open photo | Z97: =J97&"|"&K97 | AA97: 70 80g0 | 60 | OS | 100 | 40 | 44710 | 11 | 2 | 30 | km | 12 | 20 | 130 | 10 | Splendi | 140 | km/h | 16 0ct 2026 22:08:47 | Model City Road | Lucknow Division | UttarPradesh | Index number: 390 | km/h | 16 0ct 2026 22:08:47 | Model City Road | Lucknow Division | Uttar Pradesh | Index number: 390
A98: 97 | B98: SL03612 | C98: RAJ KUMAR PAL | D98: SR | E98: GTR03 A | F98: LUCKNOW | G98: SAURABH JAISWAL | H98: 351027 | I98: 46312 | J98: 2897 | K98: START | L98: 120 | N98: Timestamp + Location | O98: 17-Oct-2026 | Q98: Index-number stamp app | R98: 608, 6070, 44710 | U98: 3 - Random sample (stamped) | W98: =IF(V98="Wrong - photo HAS timestamp + location","Timestamp + Location",IF(V98="Wrong - photo has NO stamp","No stamp",N98)) | X98: =IF(W98="Timestamp + Location","Yes","No") | Y98: Open photo | Z98: =J98&"|"&K98 | AA98: 0608 | 6070# | 50 | 100 | 110 | 40 | 44710g | 2 | km | 120 | 20 | 130 | 10 | Splendov +140 | km/h | 17 0ct 2026 09.04:00 | Mohan Road | Model City Road | UttarPradesh | Index number: 391 | 8 | 17 0ct 2026 09.04:00 | Mohan Road | Model City Road | Lucknow Division | TURN | Uttar Pradesh | Index number: 391
A99: 98 | B99: SL03612 | C99: RAJ KUMAR PAL | D99: SR | E99: GTR03 A | F99: LUCKNOW | G99: SAURABH JAISWAL | H99: 351027 | I99: 46312 | J99: 2897 | K99: END | L99: 120 | N99: Timestamp + Location | O99: 17-Oct-2026 | P99: 19:47 | Q99: Index-number stamp app | R99: 6070, 44775 | W99: =IF(V99="Wrong - photo HAS timestamp + location","Timestamp + Location",IF(V99="Wrong - photo has NO stamp","No stamp",N99)) | X99: =IF(W99="Timestamp + Location","Yes","No") | Y99: Open photo | Z99: =J99&"|"&K99 | AA99: 080 | 90 | 6070 | 50 | 100 | 3 | 40 | 110 | 44775 | ikm | 120 | 130 | 20 | 10 | lendov+140 | km/h | 17 0ct 2026 19:47:40 | BuddheswarLucknow | Lucknow Division | Uttar Pradesh | Index number: 392 | 17 0ct 2026 19:47:40 | BuddheswarLucknow | Lucknow Division | Uttar Pradesh | Index number: 392
A100: 99 | B100: SL03702 | C100: MASTR ANSARI VASIMAEHNAD | D100: SR | E100: GTR06 B | F100: VADODARA | G100: DEEPAK TUKARAM DESHMUKH | H100: 349347 | I100: 46308 | J100: 1002 | K100: START | L100: 164 | N100: No stamp | R100: 524288 | U100: 3 - Random sample (no stamp) | W100: =IF(V100="Wrong - photo HAS timestamp + location","Timestamp + Location",IF(V100="Wrong - photo has NO stamp","No stamp",N100)) | X100: =IF(W100="Timestamp + Location","Yes","No") | Y100: Open photo | Z100: =J100&"|"&K100 | AA100: 90 | 50 | 3 | 100 | 40 | 524288 | 110 | 2 | 34 | kn | 720 | 730 | 140 | km/h | i3s | 140 | km/h | K | i3s | Hsna
...

Sheet Red Flags
A1: Priority | B1: Category | C1: Employee_code | D1: User_Name | E1: L1 Approver | F1: Photo # | G1: Claim_Id(s) | H1: Details | I1: Suggested Action
A2: High | B2: Photo dated after claim was submitted | C2: SL00170 | D2: MUJAHID . | E2: PUNEET WADHWA | F2: #9, #13 | G2: 350005, 351135 | H2: #9: Photo dated 16-Oct-2026, submitted 15-Oct-2026 | #13: Photo dated 21-Oct-2026, submitted 17-Oct-2026 | I2: Ask for proof of the trip
A3: High | B3: Photo dated after claim was submitted | C3: SL03855 | D3: PRAVEEN SHARMA | E3: VINAY SHARMA | F3: #116 | G3: 349779 | H3: #116: Photo dated 16-Oct-2026, submitted 15-Oct-2026 | I3: Ask for proof of the trip
A4: High | B4: Photo dated after the claim date | C4: SL00170 | D4: MUJAHID . | E4: PUNEET WADHWA | F4: #9, #13 | G4: 350005, 351135 | H4: #9: Photo dated 16-Oct-2026, claim date 15-Oct-2026 | #13: Photo dated 21-Oct-2026, claim date 17-Oct-2026 | I4: Ask for proof of the trip on the claim date
A5: High | B5: Photo dated after the claim date | C5: SL02286 | D5: AMIT KUMAR SINGH | E5: SAURABH JAISWAL | F5: #42 | G5: 349462 | H5: #42: Photo dated 14-Oct-2026, claim date 12-Oct-2026 | I5: Ask for proof of the trip on the claim date
A6: High | B6: Photo dated after the claim date | C6: SL02826 | D6: KIRAN KUMAR NAYAK | E6: GANGADHARAM K | F6: #69, #70, #71, #72 | G6: 350572, 350585 | H6: #69: Photo dated 15-Oct-2026, claim date 14-Oct-2026 | #70: Photo dated 16-Oct-2026, claim date 14-Oct-2026 | #71: Photo dated 16-Oct-2026, claim date 15-Oct-2026 | #72: Photo dated 16-Oct-2026, claim date 15-Oct-2026 | I6: Ask for proof of the trip on the claim date
A7: High | B7: Photo dated after the claim date | C7: SL03855 | D7: PRAVEEN SHARMA | E7: VINAY SHARMA | F7: #116 | G7: 349779 | H7: #116: Photo dated 16-Oct-2026, claim date 15-Oct-2026 | I7: Ask for proof of the trip on the claim date
A8: High | B8: Possible AI-edited photo | C8: SL04418 | D8: P SHIVA PRASAD YADAV | E8: VINOD KANDAPPAGARI | F8: #289, #292 | G8: 349038, 349953 | H8: #289: Sparkle mark like Google Gemini's AI mark found (score 0.97) | #292: Sparkle mark like Google Gemini's AI mark found (score 0.86) | I8: Ask for the original photo from the phone; verify odometer physically
A9: High | B9: Reused photo | C9: SL00170 | D9: MUJAHID . | E9: PUNEET WADHWA | F9: #4, #5, #9, #11 | G9: 348418, 348955, 350005, 350602 | H9: #4: same as #5 (START, claim 348955, 13-Oct) | #5: same as #4 (END, claim 348418, 12-Oct) | #9: same as #11 (START, claim 350602, 16-Oct) | #11: same as #9 (START, claim 350005, 15-Oct) | I9: Ask for a fresh START and END photo every day
A10: High | B10: Stamp looks edited | C10: SL04432 | D10: GOBIND KUMAR PASWAN | E10: Gouri Shankar | F10: #308 | G10: 350541 | H10: #308: Impossible GPS coordinates written in the stamp | I10: Ask for the original photo; confirm the trip
A11: Medium | B11: END photo taken before START | C11: SL00170 | D11: MUJAHID . | E11: PUNEET WADHWA | F11: #10, #14 | G11: 350005, 351135 | H11: #10: START 16-Oct 09:38, END 15-Oct 21:03 | #14: START 21-Oct 08:43, END 17-Oct 20:36 | I11: Ask the employee to explain
A12: Medium | B12: END photo taken before START | C12: SL04004 | D12: PINKU KUMAR CHOUDHARI | E12: AMIT KUMAR SINHA | F12: #130 | G12: 351883 | H12: #130: START 17-Oct 17:20, END 17-Oct 16:53 | I12: Ask the employee to explain
... A39: Low | B39: Screenshot instead of photo | C39: SL04446 | D39: GANDROTHULA SUBBA RAO | E39: Yellapu Nageswara Rao | F39: #317, #318 | G39: 352413 | H39: #317: Phone gallery screen captured instead of the original photo | #318: Phone gallery screen captured instead of the original photo | I39: Remind employee to upload the original camera photo

Sheet AI Mark Corner Check
A1: Bottom-right corner of every photo. Look for a small four-point sparkle (✦) - the visible mark Google Gemini adds to AI-made or AI-edited images. Note any photo # you see and check it in Photo Review.

Sheet Raw Data with Photos
A1: Zone | B1: Subzone | C1: User_Name | D1: Employee_code | E1: Designation | F1: User_Status | G1: HQ | H1: Working Place On the Day | I1: Reporting To | J1: Reporting To Emp id | K1: Reporting To Desig | L1: Claim_Date | M1: Claim Submit Date | N1: Claimdetail_Id | O1: Claim_Id | P1: Claim_Type | Q1: Present_type | R1: Document | S1: Mode Of Travel | T1: From_Place | U1: To_Place | V1: KM Travelled _Field_Value | W1: Odometer Image of Start | X1: Odometer Image of End | Y1: Vehicle Type | Z1: Total KM Travelled | AA1: Grade -HQ Night | AB1: A Grade City Name | AC1: B Grade City Name | AD1: C Grade City Name | AE1: Select Type | AF1: Bill_Image 1 | AG1: Bill_Image 2 | AH1: Claim_Amount | AI1: Level_1_Approved_Amount | AJ1: Level_2_Approved_Amount | AK1: User_Id | AL1: First_level_Approver | AM1: Seconds_level_Approver | AN1: Claim_Approval_Status | AO1: L1_Approval_Date | AP1: Comment_By_ApproverL1 | AQ1: L1_Approval_status | AR1: L1_Approval_Pending_days | AS1: L2_Approval_Date | AT1: Comment_By_ApproverL2 | AU1: L2_Approval_status | AV1: L2_Approval_Pending_days | AW1: TC | AX1: PC | AY1: Total secondary Value | AZ1: Claim_ID_Status | BA1: Division | BB1: L22_Approval_Pending_days | BC1: Time_Spent_in_Market
A2: GTR08 | B2: KARNATAKA-4 | C2: VINAY S | D2: SL04516 | E2: SO | F2: Active | G2: BIDADI | H2: Bidadi Market (SB ENTERPRISE - DB02887) | I2: Vacant_ASE_Karnatka_4 | K2: ASE | L2: 2026-10-12 | M2: 2026-10-12 | N2: 492329 | O2: 348078 | P2: HQ-LOCAL TRAVEL (For 35KM+) | W2: https://bizompictures.s3.ap-southeast-1.amazonaws.com/1810/Szna9xTNQsVEB44Lruz717918084831815ypb.jpeg | X2: https://bizompictures.s3.ap-southeast-1.amazonaws.com/1810/MCrlegnusZpEwr1lvJ2M1791808491246fC8k.jpeg | Y2: Bike | AH2: 248.00 | AJ2: 0.00 | AK2: 2335 | AL2: P VIJAY KUMAR | AM2: HR APIS | AN2: Pending - 1st Approval | AQ2: Pending | AR2: 11 | AU2: Pending | AW2: 44 | AX2: 13 | AY2: 279.00 | AZ2: Active | BA2: General Trade | BC2: 08:32:10
A3: GTR02 | B3: DELHI-1 | C3: KISHAN KUMAR | D3: SL04429 | E3: SO | F3: Active | G3: West Delhi | H3: Nangli Dairy Market (C003411-SP TRADERS) | I3: KARAN LAMBA | J3: SL04478 | K3: ASE | L3: 2026-10-12 | M3: 2026-10-12 | N3: 492374 | O3: 348113 | P3: HQ-LOCAL TRAVEL (For 35KM+) | Q3: Retailing HQ | W3: https://bizompictures.s3.ap-southeast-1.amazonaws.com/1810/287kn7NCpnBzEqSiCG6b1791810566386TWsN.jpeg | X3: https://bizompictures.s3.ap-southeast-1.amazonaws.com/1810/geqsBUwIpuIYj7belo8417918105739733ver.jpeg | Y3: Bike | AH3: 237.20 | AJ3: 0.00 | AK3: 2221 | AL3: RAHUL GAUTAM | AM3: HR APIS | AN3: Pending - 1st Approval | AQ3: Pending | AR3: 11 | AU3: Pending | AW3: 41 | AX3: 14 | AY3: 128.00 | AZ3: Active | BA3: General Trade | BC3: 08:03:16
A4: GTR02 | B4: DELHI-1 | C4: BALRAM VERMA | D4: SL04547 | E4: SO | F4: Active | G4: East Delhi | H4: Mayur vihar phase II(A.J. COMMUNICATION-C003337) | I4: AJAY KUMAR | J4: SL04502 | K4: ASE | L4: 2026-10-12 | M4: 2026-10-12 | N4: 492379 | O4: 348116 | P4: HQ-LOCAL TRAVEL (For 35KM+) | Q4: Retailing HQ | W4: https://bizompictures.s3.ap-southeast-1.amazonaws.com/1810/l2NOMYWeqcyFJQMKGRLk1791810834268K5aR.jpeg | X4: https://bizompictures.s3.ap-southeast-1.amazonaws.com/1810/pOvoF28NYY1nD1FoCxSQ1791810844313EKA3.jpeg | Y4: Bike | AH4: 36.00 | AJ4: 0.00 | AK4: 2376 | AL4: RAHUL GAUTAM | AM4: HR APIS | AN4: Pending - 1st Approval | AQ4: Pending | AR4: 11 | AU4: Pending | AW4: 38 | AX4: 5 | AY4: 57.00 | AZ4: Active | BA4: General Trade | BC4: 03:31:38
A5: GTR08 | B5: KARNATAKA-4 | C5: DINESHA H A | D5: SL04501 | E5: SO | F5: Active | G5: Bangalore | H5: NANDINI LAYOUT(GSCP AGRO FOOD PRODUCTS PRIVATE LIMITED-DB04065) | I5: Vacant_ASE_Karnatka_4 | K5: ASE | L5: 2026-10-12 | M5: 2026-10-12 | N5: 492394 | O5: 348124 | P5: HQ-LOCAL TRAVEL (For 35KM+) | Q5: Retailing EX-HQ | W5: https://bizompictures.s3.ap-southeast-1.amazonaws.com/1810/AILwBITDCpEqG0D9flfe1791811186116rB7G.jpeg | X5: https://bizompictures.s3.ap-southeast-1.amazonaws.com/1810/feU4Xa3Pzag0LJCex7kF1791811187252bXIU.jpeg | Y5: Bike | AH5: 244.00 | AJ5: 0.00 | AK5: 2312 | AL5: P VIJAY KUMAR | AM5: HR APIS | AN5: Pending - 1st Approval | AQ5: Pending | AR5: 11 | AU5: Pending | AW5: 41 | AX5: 12 | AY5: 72.00 | AZ5: Active | BA5: General Trade | BC5: 07:10:22
A6: GTR02 | B6: RAJASTHAN-1 | C6: PRAVEEN SHARMA | D6: SL03855 | E6: SR | F6: Active | G6: JAIPUR | H6: Agarwal Farm Market (PHOENIX SALES-DB03490) | I6: SUSHIL KUMAR KUMBHKAR | J6: SL04574 | K6: ASE | L6: 2026-10-12 | M6: 2026-10-12 | N6: 492438 | O6: 348160 | P6: HQ-LOCAL TRAVEL (For 35KM+) | Q6: Retailing HQ | W6: https://bizompictures.s3.ap-southeast-1.amazonaws.com/1810/a9QL6Cqnh4WuXs4gXsNt17918124424532W8t.jpeg | X6: https://bizompictures.s3.ap-southeast-1.amazonaws.com/1810/cfGABxMghM7pPENkTOBI1791812449830qFNK.jpeg | Y6: Bike | AH6: 60.00 | AJ6: 0.00 | AK6: 1402 | AL6: VINAY SHARMA | AM6: HR APIS | AN6: Pending - 1st Approval | AQ6: Pending | AR6: 11 | AU6: Pending | AW6: 41 | AX6: 7 | AY6: 90.00 | AZ6: Active | BA6: General Trade | BC6: 07:13:57
A7: South | B7: TAMIL NADU_MT | C7: GANESH | D7: SL04275 | E7: SR | F7: Active | G7: Chennai | H7: ADAMBAKAM TO CHROMPET(JAYASHREE AGENCY_C003161) | I7: SURENDRAN R | J7: SL03532 | K7: KAE | L7: 2026-10-12 | M7: 2026-10-12 | N7: 492439 | O7: 348161 | P7: HQ-LOCAL TRAVEL (For 35KM+) | W7: https://bizompictures.s3.ap-southeast-1.amazonaws.com/1810/pHajVm9krdjNkAVRWpTz1791812478336D4oy.jpeg | X7: https://bizompictures.s3.ap-southeast-1.amazonaws.com/1810/bi3C4lyGW6hvFN5RAwNT1791812484712AlsW.jpeg | Y7: Bike | AH7: 208.00 | AJ7: 0.00 | AK7: 1948 | AL7: SURENDRAN R | AM7: HR APIS | AN7: Pending - 1st Approval | AQ7: Pending | AR7: 11 | AU7: Pending | AW7: 1 | AX7: 0 | AZ7: Active | BA7: Modern Trade | BC7: 00:00:33
A8: GTR07 | B8: TELANGANA-1 | C8: Medudula Santhosh Kumar | D8: SL04109 | E8: SO | F8: Active | G8: Hyderabad | H8: MALAKAJGIRI (Aditya Agencies)C003366 | I8: SANGARS RAKESH KUMAR | J8: SL03880 | K8: ASE | L8: 2026-10-12 | M8: 2026-10-12 | N8: 492467 | O8: 348182 | P8: HQ-LOCAL TRAVEL (For 35KM+) | Q8: Retailing HQ | W8: https://bizompictures.s3.ap-southeast-1.amazonaws.com/1810/VaOByfqLk5yjzXbr7ElQ1791813126844GH9D.jpeg | X8: https://bizompictures.s3.ap-southeast-1.amazonaws.com/1810/g8DQbu7iooQKOu02X7SQ17918131301060nti.jpeg | Y8: Bike | AH8: 20.00 | AI8: 20.00 | AJ8: 20.00 | AK8: 1705 | AL8: SHIVAKANTH SAPA | AM8: HR APIS | AN8: Pending - 2nd Approval | AO8: 2026-10-22 | AQ8: Approved | AR8: 11 | AU8: Pending | AV8: 1 | AW8: 45 | AX8: 27 | AY8: 533.00 | AZ8: Active | BA8: General Trade | BC8: 08:57:46
A9: GTR08 | B9: KARNATAKA-3 | C9: SHASHIDHAR NAIR | D9: SL01966 | E9: SO | F9: Active | G9: BANGALORE | H9: Hoskote Market (Hegde Traders - C001657) | I9: Vacant_ASE_Karnatka_3 | K9: ASE | L9: 2026-10-12 | M9: 2026-10-12 | N9: 492474 | O9: 348187 | P9: HQ-LOCAL TRAVEL (For 35KM+) | Q9: Retailing HQ | W9: https://bizompictures.s3.ap-southeast-1.amazonaws.com/1810/9IUkfdW63XdqcDLbQSS51791813387212AzfB.jpeg | X9: https://bizompictures.s3.ap-southeast-1.amazonaws.com/1810/SiT7YMPvIJL2MLrgd66Z1791813388215YxyB.jpeg | Y9: Bike | AH9: 179.20 | AJ9: 0.00 | AK9: 188 | AL9: GANGADHARAM K | AM9: HR APIS | AN9: Pending - 1st Approval | AQ9: Pending | AR9: 11 | AU9: Pending | AW9: 45 | AX9: 19 | AY9: 181.00 | AZ9: Active | BA9: General Trade | BC9: 06:37:17
A10: GTR08 | B10: KARNATAKA-4 | C10: Babu Madhanagiriyappa | D10: SL04134 | E10: SO | F10: Active | G10: Bangalore | H10: Sarjapura Market (SLV MARKETING - DB03312) | I10: Vacant_ASE_Karnatka_4 | K10: ASE | L10: 2026-10-12 | M10: 2026-10-12 | N10: 492480 | O10: 348191 | P10: HQ-LOCAL TRAVEL (For 35KM+) | Q10: Retailing HQ | W10: https://bizompictures.s3.ap-southeast-1.amazonaws.com/1810/gyxa6NrfH6idLXMFjL5R1791813543226HpEV.jpeg | X10: https://bizompictures.s3.ap-southeast-1.amazonaws.com/1810/ZcM3hTbS3g8wUS1f4k9S1791813555083JIj6.jpeg | Y10: Bike | AH10: 268.00 | AJ10: 0.00 | AK10: 1735 | AL10: P VIJAY KUMAR | AM10: HR APIS | AN10: Pending - 1st Approval | AQ10: Pending | AR10: 11 | AU10: Pending | AW10: 60 | AX10: 21 | AY10: 352.00 | AZ10: Active | BA10: General Trade | BC10: 08:31:22
A11: GTR01 | B11: PUNJAB | C11: ARUN KUMAR | D11: SL04406 | E11: SO | F11: Active | G11: Ludhiana | H11: Pakhowal (YASH TRADERS-DB04168) | I11: Vacant_ASE_Punjab-2 | K11: ASE | L11: 2026-10-12 | M11: 2026-10-12 | N11: 492528 | O11: 348230 | P11: HQ-LOCAL TRAVEL (For 35KM+) | Q11: Retailing HQ | W11: https://bizompictures.s3.ap-southeast-1.amazonaws.com/1810/6nnBFpCLbZGb62EIiy6717918148398310UOj.jpeg | X11: https://bizompictures.s3.ap-southeast-1.amazonaws.com/1810/cb0GNLYLr3PprgvMKJWV1791814860502qaJ3.jpeg | Y11: Bike | AH11: 104.00 | AJ11: 0.00 | AK11: 2184 | AL11: MUNISH KAPOOR | AM11: HR APIS | AN11: Pending - 1st Approval | AQ11: Pending | AR11: 11 | AU11: Pending | AW11: 41 | AX11: 21 | AY11: 150.00 | AZ11: Active | BA11: General Trade | BC11: 09:08:55
A12: North | B12: DELHI_MT | C12: VINOD KUMAR | D12: SL04205 | E12: SR | F12: Active | G12: Delhi | H12: Gurgaon(AVENUE SUPERMARTS LIMITED-C002709) | I12: RISHI RAGHAV | J12: SL04496 | K12: KAM | L12: 2026-10-12 | M12: 2026-10-12 | N12: 492567 | O12: 348264 | P12: HQ-LOCAL TRAVEL (For 35KM+) | Q12: Retailing HQ | W12: https://bizompictures.s3.ap-southeast-1.amazonaws.com/1810/mKLgcZMEE2ZhBI3QW5631791815879396cZ3w.png | X12: https://bizompictures.s3.ap-southeast-1.amazonaws.com/1810/qkY1dkEWrWONsqxbdVMw1791815885575h5jy.png | Y12: Bike | AH12: 312.00 | AJ12: 0.00 | AK12: 1829 | AL12: Gouri Shankar | AM12: HR APIS | AN12: Pending - 1st Approval | AQ12: Pending | AR12: 11 | AU12: Pending | AW12: 6 | AX12: 6 | AY12: 285.00 | AZ12: Active | BA12: Modern Trade | BC12: 07:06:38
A13: GTR02 | B13: DELHI-1,DELHI-2 | C13: RAHUL GAUTAM | D13: SL04310 | E13: ASM | F13: Active | G13: New Delhi | I13: RAMESH SINGH | J13: SL04472 | K13: RSM | L13: 2026-10-12 | M13: 2026-10-12 | N13: 492594 | O13: 348279 | P13: HQ-LOCAL TRAVEL (For 35KM+) | Q13: Other Activity HQ | W13: https://bizompictures.s3.ap-southeast-1.amazonaws.com/1810/Ap09VWEuDL5pvd3taP2G17918164052605v24.jpeg | X13: https://bizompictures.s3.ap-southeast-1.amazonaws.com/1810/GGcxds9gwi2NUKloobUF1791816411535q3Kq.jpeg | Y13: Car.. | AH13: 850.00 | AJ13: 0.00 | AK13: 1989 | AL13: RAMESH SINGH | AM13: HR APIS | AN13: Pending - 1st Approval | AQ13: Pending | AR13: 11 | AU13: Pending | AZ13: Active | BA13: General Trade
A14: GTR02 | B14: DELHI-2 | C14: HARIOM DUBEY | D14: SL04356 | E14: SO | F14: Active | G14: New Delhi | H14: Nathupur(Mahadev Trading-C002706) | I14: ARVIND KUMAR DUBEY | J14: SL04125 | K14: ASE | L14: 2026-10-12 | M14: 2026-10-12 | N14: 492596 | O14: 348281 | P14: HQ-LOCAL TRAVEL (For 35KM+) | Q14: Retailing HQ | W14: https://bizompictures.s3.ap-southeast-1.amazonaws.com/1810/LRbd4PPS9kBoVUcfXFiI1791816492719X3ob.jpeg | X14: https://bizompictures.s3.ap-southeast-1.amazonaws.com/1810/04L5qG8ckfOyPBL7Yjsy1791816497419K6Ig.jpeg | Y14: Bike | AH14: 140.00 | AJ14: 0.00 | AK14: 2088 | AL14: RAHUL GAUTAM | AM14: HR APIS | AN14: Pending - 1st Approval | AQ14: Pending | AR14: 11 | AU14: Pending | AW14: 37 | AX14: 13 | AY14: 190.00 | AZ14: Active | BA14: General Trade | BC14: 09:32:59
A15: South | B15: TELANGANA_MT | C15: Mahesh Kumar Gujjari | D15: SL02611 | E15: SO | F15: Active | G15: HYDERABAD | H15: Musarambhag to L B Nagar(Spencers Retail Ltd. - Hyderabad_C000571) | I15: K.Purushotham | J15: SL00113 | K15: KAM | L15: 2026-10-12 | M15: 2026-10-12 | N15: 492617 | O15: 348297 | P15: HQ-LOCAL TRAVEL (For 35KM+) | W15: https://bizompictures.s3.ap-southeast-1.amazonaws.com/1810/aaSUISTfaj4JscTec4kc1791816905208ikFY.jpeg | X15: https://bizompictures.s3.ap-southeast-1.amazonaws.com/1810/IfX4HDLvMf1bFpCcT4Pr1791816908786T6Mm.jpeg | Y15: Bike | AH15: 168.00 | AJ15: 0.00 | AK15: 887 | AL15: K.Purushotham | AM15: HR APIS | AN15: Pending - 1st Approval | AQ15: Pending | AR15: 11 | AU15: Pending | AW15: 6 | AX15: 0 | AZ15: Active | BA15: Modern Trade | BC15: 02:49:36
A16: GTR08 | B16: KARNATAKA-3 | C16: KIRAN KUMAR NAYAK | D16: SL02826 | E16: SR | F16: Active | G16: BANGALORE | H16: Vidyaranapura(DEEKSHITHA ENTERPRISES-C003121) | I16: Vacant_ASE_Karnatka_3 | K16: ASE | L16: 2026-10-12 | M16: 2026-10-12 | N16: 492640 | O16: 348314 | P16: HQ-LOCAL TRAVEL (For 35KM+) | Q16: Retailing HQ | W16: https://bizompictures.s3.ap-southeast-1.amazonaws.com/1810/u1s8yvwAfwa5fsobcyie1791817363514cpPq.heic | X16: https://bizompictures.s3.ap-southeast-1.amazonaws.com/1810/yB26Ns3wtmtNpMfX86pC17918173722828wpP.heic | Y16: Bike | AH16: 80.00 | AJ16: 0.00 | AK16: 279 | AL16: GANGADHARAM K | AM16: HR APIS | AN16: Pending - 1st Approval | AQ16: Pending | AR16: 11 | AU16: Pending | AW16: 14 | AX16: 2 | AY16: 18.00 | AZ16: Active | BA16: General Trade | BC16: 09:29:54
A17: GTR02 | B17: DELHI-1,DELHI-2 | C17: KARAN LAMBA | D17: SL04478 | E17: ASE | F17: Active | G17: West Delhi | H17: Hastal(Jindel Trading-C003503) | I17: Vacant_TSM_Delhi-1 | K17: TSM | L17: 2026-10-12 | M17: 2026-10-12 | N17: 492656 | O17: 348329 | P17: HQ-LOCAL TRAVEL (For 35KM+) | Q17: Joint Working HQ | W17: https://bizompictures.s3.ap-southeast-1.amazonaws.com/1810/9VX6zr9aazftoDf9YSfL17918175069215eY9.jpeg | X17: https://bizompictures.s3.ap-southeast-1.amazonaws.com/1810/iTph4Hou4SKbsO7ZuB311791817532632ciol.jpeg | Y17: Bike | AH17: 136.00 | AJ17: 0.00 | AK17: 2284 | AL17: RAHUL GAUTAM | AM17: HR APIS | AN17: Pending - 1st Approval | AQ17: Pending | AR17: 11 | AU17: Pending | AW17: 2 | AX17: 1 | AY17: 36.00 | AZ17: Active | BA17: General Trade | BC17: 01:40:58
A18: GTR06 B | B18: GUJARAT-1 | C18: BHARATKUMAR BHOGILAL SUTHAR | D18: SL04206 | E18: ASE | F18: Active | G18: Ahmedabad | I18: Vacant_TSM_Gujrat | K18: TSM | L18: 2026-10-12 | M18: 2026-10-12 | N18: 492663 | O18: 348336 | P18: HQ-LOCAL TRAVEL (For 35KM+) | Q18: Retailing HQ | W18: https://bizompictures.s3.ap-southeast-1.amazonaws.com/1810/4urfe7973UkpIS4fwR4d1791817976336k6Xs.jpeg | X18: https://bizompictures.s3.ap-southeast-1.amazonaws.com/1810/Ubhz1cO4nnR7OwNsJEaW1791817981602CGRV.jpeg | Y18: Bike | AH18: 168.00 | AJ18: 0.00 | AK18: 1830 | AL18: DEEPAK TUKARAM DESHMUKH | AM18: HR APIS | AN18: Pending - 1st Approval | AQ18: Pending | AR18: 11 | AU18: Pending | AZ18: Active | BA18: General Trade
A19: GTR09 | B19: TAMIL NADU-1 | C19: M SUNIL KUMAR | D19: SL04231 | E19: SO | F19: Active | G19: Chennai | H19: M.K.B.Nagar Market (DB03116 - SRP ENTERPRISES) | I19: Ramanan | J19: SL04449 | K19: ASE | L19: 2026-10-12 | M19: 2026-10-12 | N19: 492670 | O19: 348342 | P19: HQ-LOCAL TRAVEL (For 35KM+) | Q19: Retailing HQ | W19: https://bizompictures.s3.ap-southeast-1.amazonaws.com/1810/yZPrOMJjOPBnPew7N4oF1791818701554nwhB.jpeg | X19: https://bizompictures.s3.ap-southeast-1.amazonaws.com/1810/q3HapWCqfpbdflBFLQJk1791818702203n1Un.jpeg | Y19: Bike | AH19: 52.00 | AI19: 52.00 | AJ19: 52.00 | AK19: 1891 | AL19: Saravanan N | AM19: HR APIS | AN19: Pending - 2nd Approval | AO19: 2026-10-13 | AQ19: Approved | AR19: 11 | AU19: Pending | AV19: 10 | AW19: 41 | AX19: 10 | AY19: 60.00 | AZ19: Active | BA19: General Trade | BC19: 08:37:05
A20: GTR09 | B20: TAMIL NADU-2 | C20: DHILIBAN M | D20: SL04394 | E20: SO | F20: Active | G20: Krishnagiri | H20: Dharmapuri Local Market (MADHAIYA STORE - DB02770) | I20: K DINESHKUMAR | J20: SL04559 | K20: ASE | L20: 2026-10-12 | M20: 2026-10-12 | N20: 492671 | O20: 348343 | P20: HQ-LOCAL TRAVEL (For 35KM+) | Q20: Other Activity EX-HQ | W20: https://bizompictures.s3.ap-southeast-1.amazonaws.com/1810/F1quBaDlAXghipoX8Atx1791818729624EtNn.jpeg | X20: https://bizompictures.s3.ap-southeast-1.amazonaws.com/1810/B7t5IQZXhD4tHfWcNn4r1791818731336DC32.jpeg | Y20: Bike | AH20: 176.00 | AI20: 176.00 | AJ20: 176.00 | AK20: 2162 | AL20: Saravanan N | AM20: HR APIS | AN20: Pending - 2nd Approval | AO20: 2026-10-13 | AQ20: Approved | AR20: 11 | AU20: Pending | AV20: 10 | AW20: 41 | AX20: 5 | AY20: 123.00 | AZ20: Active | BA20: General Trade | BC20: 08:40:27
A21: South | B21: TAMIL NADU_MT | C21: PANGAJAM U | D21: SL04184 | E21: SR | F21: Active | G21: Coimbatore | H21: GANAPATHY TO IDIKARAI(UNICORN ENTERPRISES_C003160) | I21: SURENDRAN R | J21: SL03532 | K21: KAE | L21: 2026-10-12 | M21: 2026-10-12 | N21: 492756 | O21: 348409 | P21: HQ-LOCAL TRAVEL (For 35KM+) | Q21: Retailing HQ | W21: https://bizompictures.s3.ap-southeast-1.amazonaws.com/1810/Az1MoRHzEES9gU750Yrm1791822012258WD12.jpeg | X21: https://bizompictures.s3.ap-southeast-1.amazonaws.com/1810/DJQYdfjT04uN3qfljGLl17918220392085r8C.jpeg | Y21: Bike | AH21: 100.00 | AJ21: 0.00 | AK21: 1804 | AL21: SURENDRAN R | AM21: HR APIS | AN21: Pending - 1st Approval | AQ21: Pending | AR21: 11 | AU21: Pending | AW21: 1 | AX21: 0 | AZ21: Active | BA21: Modern Trade | BC21: 00:00:19
A22: GTR02 | B22: HARYANA-1 | C22: MUJAHID . | D22: SL00170 | E22: SSO | F22: Active | G22: GURUGRAM | H22: Khandsa Gaon (J. U. Enterprises - C000947) | I22: Vacant_ASE_Haryana_1 | K22: ASE | L22: 2026-10-12 | M22: 2026-10-12 | N22: 492768 | O22: 348418 | P22: HQ-LOCAL TRAVEL (For 35KM+) | Q22: Retailing HQ | W22: https://bizompictures.s3.ap-southeast-1.amazonaws.com/1810/TDBdQQl5Jrg7vZ3h3K6O1791822461552amZV.jpeg | X22: https://bizompictures.s3.ap-southeast-1.amazonaws.com/1810/TACx5mtdZ5EFaPpsGb8y1791822467880x0Ld.jpeg | Y22: Bike | AH22: 516.00 | AJ22: 0.00 | AK22: 334 | AL22: PUNEET WADHWA | AM22: HR APIS | AN22: Pending - 1st Approval | AQ22: Pending | AR22: 11 | AU22: Pending | AW22: 42 | AX22: 8 | AY22: 40.00 | AZ22: Active | BA22: General Trade | BC22: 11:40:14
A23: South | B23: KARNATAKA_MT | C23: V GIRIDHAR BABU | D23: SL04344 | E23: SO | F23: Active | G23: Bangalore | I23: AMRUTH K | J23: SL04303 | K23: KAE | L23: 2026-10-12 | M23: 2026-10-12 | N23: 492787 | O23: 348433 | P23: HQ-LOCAL TRAVEL (For 35KM+) | W23: https://bizompictures.s3.ap-southeast-1.amazonaws.com/1810/5MhYAmxvi7fQKILjfRKz1791823275036WBlz.jpeg | X23: https://bizompictures.s3.ap-southeast-1.amazonaws.com/1810/lcIbholkkpqlpUfkXFZw17918232802093NXT.jpeg | Y23: Bike | AH23: 160.00 | AI23: 160.00 | AJ23: 160.00 | AK23: 2067 | AL23: AMRUTH K | AM23: HR APIS | AN23: Pending - 2nd Approval | AO23: 2026-10-13 | AQ23: Approved | AR23: 11 | AU23: Pending | AV23: 10 | AZ23: Active | BA23: Modern Trade
